Name of School,Status,Curriculum,District,Type,Level,Tuition Fees (HK$),Fee Year,Capital Levy (HK$),Debenture (HK$),Fee Notes,Description,Photo URL,Logo URL,Research Status,Age Range,Head,Year Established,Language(s) of Instruction,,Student Numbers,Age Range
Academy of Innovation Primary School (Guidepost),,Montessori,Hong Kong Island,Private School,Primary,"HK$186,000",2026/27,,,Not yet researched,Academy of Innovation Primary School (Guidepost) is a private school situated in the Hong Kong Island district of Hong Kong. The school provides primary education following the Montessori framework.,https://scontent-lhr11-1.xx.fbcdn.net/v/t39.30808-6/488196540_647598271468065_1856164491401561822_n.jpg?stp=dst-jpg_tt6&cstp=mx2048x1365&ctp=s2048x1365&_nc_cat=106&ccb=1-7&_nc_sid=cc71e4&_nc_ohc=eguiiqgt57AQ7kNvwFlMN_U&_nc_oc=AdoUwbqd2kL54iYN0mbd8kDtaXfTJXcAXO7vQik430VmrHcPaXLTOJdaYLSN6kGYDCI&_nc_zt=23&_nc_ht=scontent-lhr11-1.xx&_nc_gid=BtSYjENdItxV_0JsOPKdJA&_nc_ss=7b289&oh=00_AQC0fuH8ekVXF96nw2peTxxY7BqJIe1OJwarrcKb1FVJvA&oe=6A6B3350,https://www.facebook.com/photo/?fbid=122101165208826133&set=a.122101162922826133&__tn__=%3C,Pending,6–12,Man Wai Raymond Ng,2020,"English, Mandarin",,approx. 550,6–12
American International School (AIS),,US Curriculum,Kowloon,International School,"Preschool, Primary, Secondary","HK$152,800-180,400 (26/27)",2026/27,"HK$12,000/year for the first child (sibling discounts apply)",None,"Application fee HK$1,500.","The American International School (AIS) is a private, co-educational school in Hong Kong. AIS has been serving families from Hong Kong’s local and international communities since 1986, delivering an American standards-based educational program for students from Early Childhood through to Grade 12. AIS nurtures confident, caring and well-rounded students admitting graduates to universities and colleges worldwide.",https://www.facebook.com/photo/?fbid=1257348993068165&set=a.485477450255327,https://scontent-lhr11-1.xx.fbcdn.net/v/t39.30808-6/304975228_485477470255325_7721224525537496972_n.png?stp=dst-png&cstp=mx1223x1307&ctp=s1223x1307&_nc_cat=110&ccb=1-7&_nc_sid=6ee11a&_nc_ohc=mJs6hZVfqGIQ7kNvwHSb0xS&_nc_oc=AdqdNdPLecmHqzjUMUjSfDjo81SmTAE-B0qv3Zb28yN2LZyJbo7iWT4xlWm3Gl85XPI&_nc_zt=23&_nc_ht=scontent-lhr11-1.xx&_nc_gid=OC8UIm8AtCuFFXPuJ6AVWg&_nc_ss=7b2a8&oh=00_AQAmtGi3XgQ4zhCZVRk1TAx5NiGoTVYNfRUMLenNa2lhzw&oe=6A6B404B,Researched (Batch 2),3–18,Anita Simpson,1986,"English, Mandarin, French, Spanish",,900+,3–18
American School Hong Kong (ASHK),,US Curriculum,New Territories,International School,"Primary, Secondary","HK$170,600-242,700 (26/27)",2026/27,"HK$45,000/year for newly admitted students or HK$29,500/year for returning students; one-time HK$150,000 option also available","Individual Debenture: HK$612,500 (depreciates over 7 years; mandatory for HK/PRC passport holders per some sources) | Corporate Debenture: approx. HK$3,000,000",Application fee HK$900.,"Founded in 2016, American School Hong Kong (ASHK) is a non-profit, non-denominational college preparatory school offering a holistic American education taught by North American teachers who inspire, motivate and challenge students to achieve their full potential.
ASHK is operated by Esol Education, a leading education organization with over 40 years of experience in establishing and operating K-12 international schools, currently educating over 10,500 pupils in nine schools across three continents.",https://www.facebook.com/photo/?fbid=500979935370648&set=a.500979895370652,https://scontent-lhr6-1.xx.fbcdn.net/v/t39.30808-6/307084337_500979932037315_4529749970097784836_n.png?stp=dst-png&cstp=mx1050x1050&ctp=s1050x1050&_nc_cat=108&ccb=1-7&_nc_sid=6ee11a&_nc_ohc=oMHR9MiuBn4Q7kNvwHGh2cu&_nc_oc=AdqgNJ-vfk2vGESjX2QyQ__1XsxwZk6C-cD9z8ztMyyHGJMEn6t2aQ5ONiExtwwAQlE&_nc_zt=23&_nc_ht=scontent-lhr6-1.xx&_nc_gid=jYe3XdJUtUOVpFJST_8rsw&_nc_ss=7b2a8&oh=00_AQBfOTE4xigR9Z-msywfuL-6sVp9EsdMXmnWcEauCfNKaA&oe=6A6B464C,Researched (Batch 2),5–18,Christopher Coates,2016,"English, Putonghua",,575 - 675,5–18
Anchors Academy,,UK Curriculum,New Territories,Private School,"Preschool, Primary",,,,,Not yet researched,"""Established in 2023, the kindergarten section offers two streams - English/Cantonese or English/Putonghua - while the primary school delivers all content in English, except daily Chinese lessons.
Impressive, purpose built campus with all facilities. Affordable fees. Sixth Form collaboration with St Bee's in the UK.",https://www.facebook.com/photo/?fbid=856201330788341&set=a.113987641676384,https://www.facebook.com/photo/?fbid=790605260681282&set=a.113977355010746&__tn__=%3C,Pending,2–18,,2023,"English, Mandarin, Cantonese",,,2–18
Anchors Kindergarten & International Nursery,draft,School-Based / Play-Based,Kowloon,Kindergarten,Preschool,,,,,Not yet researched,Anchors Kindergarten & International Nursery is a kindergarten institution situated in the Kowloon district of Hong Kong. The school specializes in early childhood and preschool education based on the School-Based / Play-Based curriculum.,,,Pending,,,,,,,
Anfield International Kindergarten,,UK Curriculum,Kowloon,Private School,Preschool,,,,,Not yet researched,Anfield International Kindergarten is a private school situated in the Kowloon district of Hong Kong. The school specializes in early childhood and preschool education based on the UK Curriculum curriculum.,,https://anfield.edu.hk/wp-content/uploads/2025/03/anfield_logo_main.png,Pending,2-6,Elise Rees,1999,English,,,2-6
Anfield School,,UK Curriculum,New Territories,Private School,Primary,,,,,Not yet researched,"Anfield School is a private co-ed independent Catholic Primary school offering quality education to students aged 5-11 through the UK National curriculum.
Founded in 1999 Anfield operates two Kindergartens and the St. Bosco Centre, supporting both mainstream and children requiring specialist learning support.",https://anfield.edu.hk/wp-content/uploads/2025/03/Auto-carousel-image.png,https://anfield.edu.hk/wp-content/uploads/2025/10/anfield_school_logo_white.png,Pending,2–11,,1999,"English, Putonghua",,600,2–11
Aoi Pui School,draft,School-Based / Play-Based,Kowloon,Private School,Primary,,,,,Not yet researched,Aoi Pui School is a private school situated in the Kowloon district of Hong Kong. The school provides primary education following the School-Based / Play-Based framework.,,,Pending,,,,,,,
Australian International School (AISHK),,Australian Curriculum,Kowloon,International School,"Primary, Secondary","HK$156,200-265,400 (2026)",2026/27,"HK$25,000/year per student",Depreciating debenture option available - contact school for current price,"Application fee HK$1,500 plus HK$500 assessment fee.","Australian International School Hong Kong was founded in 1995 to fulfil the growing demand for an Australian education for the Australian community. Today, AISHK caters for a diverse international community of over 1,100 students of 25 nationalities. Operating on the Australian academic calendar year (January to December), the school is accredited to offer senior students the choice of the New South Wales Higher School Certificate or the International Baccalaureate Diploma (IBDP).",https://www.aishk.edu.hk/userfiles/aishkmvc/heros/header%20images/dsc06196_qedited1920x810.jpg?command_1=resize&width_1=1200,https://www.aishk.edu.hk/Images/assets/logo/logo-crest-yellow.svg,Researched (Batch 2),4–18,,1995,English,,"1,200",4–18
Bloom KKCA Academy & Saint Too Bloom Academy,,School-Based / Play-Based,Kowloon,Private School,"Primary, Secondary",,,,,Not yet researched,"Bloom KKCA Academy & Saint Too Bloom Academy is a private school situated in the Kowloon district of Hong Kong. It offers primary and secondary academic programs structured around the School-Based / Play-Based. Dual language program Mandarin w/simplified characters and English.
Students learn to care deeply about themselves, their community and the world around them. They’ll have the mindsets, skills, and knowledge to think through problems. The Community Code is “We promise to do our best to care, think, and act.”
The unique Explore, Create, Share (ECS) Design Cycle is the foundation of the innovative, project-based learning portion of the program.",https://www.facebook.com/photo/?fbid=833435122119648&set=a.462104132586084,https://scontent-lhr6-1.xx.fbcdn.net/v/t39.30808-1/224070621_504520127372151_477315712383206136_n.jpg?stp=dst-jpg_tt6&cstp=mx746x746&ctp=s480x480&_nc_cat=109&ccb=1-7&_nc_sid=2d3e12&_nc_ohc=ct5LwgLu6xMQ7kNvwGp2yk5&_nc_oc=Adqfjr1Tf9v0PlNag6ebHGVNkF5Q1AE2dnANHuiYlaU1jMCp2LcEIYvzcYr9hnni7Lk&_nc_zt=24&_nc_ht=scontent-lhr6-1.xx&_nc_gid=kuyNQenkPFrzWrkfN2EGpg&_nc_ss=7b2a8&oh=00_AQBp0agfLSnH9dxeNsdHxABatQUVIfpBqMlrTwDt2GaO8A&oe=6A6B34F0,Pending,6–18,Renée Boey,2021,"English, Mandarin",,,6–18
California School,,UK Curriculum,Kowloon,International School,"Primary, Secondary",,,,,Not yet researched,California School is an international school situated in the Kowloon district of Hong Kong. It offers primary and secondary academic programs structured around the UK Curriculum.,https://www.californiaschool.edu.hk/wp-content/uploads/2025/11/4-2025.jpg,https://www.facebook.com/photo/?fbid=418789107022994&set=a.418789077022997&__tn__=%3C,Pending,5–18,Pervez,1992,English,,,5–18
Canadian International School (CDNIS),,Canadian Curriculum,Hong Kong Island,International School,"Preschool, Primary, Secondary","HK$142,780-$261,500 across year groups (26/27)",2026/27,"HK$43,000/year (EY1 to Grade 12; Nursery students exempt; pending final EDB approval)","Optional, HK$2,200,000-$10,000,000 depending on tier; the school has stated no new debentures are currently being issued; existing holders may transfer to incoming families","Reservation deposit HK$80,000 (EY1+) and one-off entry fee HK$12,500 also apply to new students.","Canadian International School (CDNIS) is an international school situated in the Hong Kong Island district of Hong Kong. It provides education spanning early years through secondary levels, following the Canadian Curriculum framework. The Canadian International School of Hong Kong (CDNIS) is a non-profit, fully authorised IB World School offering a “through-train” education to students aged 2 to 18. With approximately 1,800 students representing 41 nationalities CDNIS delivers the IB Primary Years, Middle Years and Diploma Programmes. The school is also authorised to grant credits towards the Ontario Secondary School Diploma. All G11 & 12 students are enrolled in both the IBDP and OSSD, graduating with two distinct diplomas. From PN - G1 (and every year thereafter until G5 in 28/29) the Early Years are delivered in both English and Mandarin. 50% of the class time is in English and 50% in Mandarin (on a 6 day cycle). Students will be immersed in the target language for the entire school day. The English and Chinese teachers will teach on alternate days. All classes will also have a bilingual educational assistant, who remains with the same class and switches language each day.

The new CDNIS Early Years Centre at The Southside opened in August 2024 is for all PN and EY1 classes (half day). From EY2, classes are at the main campus and are full day.

PN/EY1 half-day programmes (7:50-10:20am or 11:50am-2:20pm). From G1 - G5: Chinese is streamed; 280/mins a week until 28/19 when the bilingual track will be fully rolled up all the way to G5. From G6 onwards, at that point, all classes are delivered in English, except for Chinese.",https://scontent-lhr11-1.xx.fbcdn.net/v/t39.30808-6/547504848_1245053124302962_700011094560568705_n.jpg?stp=dst-jpg_tt6&cstp=mx2048x1363&ctp=s2048x1363&_nc_cat=104&ccb=1-7&_nc_sid=cc71e4&_nc_ohc=pZ5MBB-CDvAQ7kNvwHBYz6k&_nc_oc=Adq9K2K_l38vFeo6xK_Xcq8VdK_g2_cD8BLm_MPsuroUHnxWYX40Zuk1o2RwC_beBlM&_nc_zt=23&_nc_ht=scontent-lhr11-1.xx&_nc_gid=f_lWL-7za-K-xp4KV_h-sA&_nc_ss=7b2a8&oh=00_AQA_uRd7GZu-APcS0fyAomzy8gZPr3cCIYH7hAxBUEQWwA&oe=6A6B462D,https://scontent-lhr6-2.xx.fbcdn.net/v/t39.30808-1/601944602_1330780762396864_5722350021722001982_n.jpg?stp=cp6_dst-jpg_tt6&cstp=mx358x358&ctp=s358x358&_nc_cat=105&ccb=1-7&_nc_sid=2d3e12&_nc_ohc=5REbOELMeRoQ7kNvwFeXLC4&_nc_oc=AdqTLLhNwlsbRtYfwdwtCKCKtECQLEAtqenLgpf6eIG11zJ09pqEducOPmTXtrNF0X4&_nc_zt=24&_nc_ht=scontent-lhr6-2.xx&_nc_gid=f_lWL-7za-K-xp4KV_h-sA&_nc_ss=7b2a8&oh=00_AQDuic0VvCSBBlhEwR43Gpi8m2n7nTPpWYOOVdUGZT1W5A&oe=6A6B373E,"Researched (Batch 1, refined Batch 2)",5–18,Dr. Tim Kaiser,1991,"English, Putonghua, French, Spanish",,1700 - 1800,5–18
Carmel School of Hong Kong (Pre-school & Elementary) / Elsa High School,,IB Curriculum,Hong Kong Island,International School,"Preschool, Primary","HK$84,500-237,370",2026/27,Not publicly itemised in sources reviewed,Not publicly itemised in sources reviewed,,"Carmel School of Hong Kong (Pre-school & Elementary) / Elsa High School is an international school situated in the Hong Kong Island district of Hong Kong. It provides education spanning early years through secondary levels, following the IB Curriculum framework.

Founded in 1991, the school association has grown to a three-campus international school and IB accredited. Carmel's Pre-school and Elementary school welcomes students from all sections of the Jewish community residing in Hong Kong and in the International Stream of the High School welcome students of any faiths.",https://elsa-476-as-northeast1-01.preview.finalsitecdn.com/uploaded/images/Learning-IB.png,https://www.facebook.com/photo/?fbid=687068513430741&set=a.687068486764077&__tn__=%3C,Researched (Batch 2),1–18,Rachel Friedmann,1991,"English, Mandarin, Hebrew",,Over 400,1–18
Causeway Bay Victoria Kindergarten and International Kindergarten,,IB Curriculum,Hong Kong Island,Kindergarten,Preschool,,,,,Not yet researched,Causeway Bay Victoria Kindergarten and International Kindergarten is a kindergarten institution situated in the Hong Kong Island district of Hong Kong. The school specializes in early childhood and preschool education based on the IB Curriculum curriculum.,https://www.victoria.edu.hk/wp-content/uploads/2024/09/20240507Victoria6494-scaled-e1725444626739.jpg,https://www.facebook.com/photo/?fbid=190670486660060&set=a.190670456660063&__tn__=%3C,Pending,2–6,Dr Maggie Koong,1965,"English, Putonghua, Cantonese",,approx. 680,2–6
Chinese International School (CIS),,IB Curriculum,Hong Kong Island,International School,"Primary, Secondary","Reception: HK$216,100-226,400 | Years 1-6: HK$286,600-300,300 | Years 7-11: HK$338,300 | Years 12-13: HK$342,800-359,200 (sources vary slightly by year-band cut)",2026/27,"Annual Capital Levy: HK$30,200/year (for students who joined from 2025/26 onwards; mandatory for those without a debenture)","Individual Nomination Rights available directly from the school and via secondary market: approx. HK$5,000,000-17,000,000 depending on term; new Corporate Nomination Rights (2026): approx. HK$15,000,000","Highest published tuition of any school in this dataset. Additional annual fees of approx. HK$12,000-30,000 cover outings, camps and learning materials.","Chinese International School (CIS) is an international school situated in the Hong Kong Island district of Hong Kong. It offers primary and secondary academic programs structured around the IB Curriculum.

Chinese International School, founded in 1983 was the first school in Hong Kong to teach an international curriculum in English and Putonghua. With 1,500 students in total, the primary school adopts a dual language approach and its own curriculum. The secondary school follows the IBMYP and IBDP where Putonghua is mainly taught as one among the subject areas, while also being foregrounded through the dual-language History programme (Years 7-9), the two-week China Experience Programme (Years 7-9) and the year-long Hangzhou CIS programme (Year 10). Beginners level Putonghua is also available in Year 7.",https://resources.finalsite.net/images/t_image_size_4/v1732610792/chineseis/mbceqdjqsj1b85rlyisx/DJI_20240514092636_0006_D_DJI01copy.jpg,https://www.facebook.com/photo/?fbid=496783472449752&set=a.496783465783086&__tn__=%3C,"Researched (Batch 1, refined Batch 2)",4–18,Sean Lynch,1983,"English, Putonghua, French, Spanish",,approx. 1600,4–18
Christian Alliance International School of Hong Kong (CAIS),,Canadian Curriculum,Kowloon,International School,"Primary, Secondary","HK$141,500-237,000 (26/27)",2026/27,"Annual Capital Levy (ACL): HK$30,000/year for students not covered by an eligible Capital Note","Individual Capital Note: HK$560,000 (1st child) | HK$504,000 (2nd child) | HK$476,000 (3rd child)","Application fee HK$1,500 (Prep-Grade 3) or HK$1,800 (Grades 4-12).","Christian Alliance International School of Hong Kong (CAIS) is an international school situated in the Kowloon district of Hong Kong. It offers primary and secondary academic programs structured around the Canadian Curriculum.

Established in 1992, Christian Alliance International School (CAIS) is a through train primary and secondary school offering the Canadian Alberta curriculum and Advanced Placement courses. The Butterfly Valley Campus opened in September 2017 which offers facilities and resources to engage the whole child through academics, spiritual life, athletics and the arts with additional phases expected to be completed by 2020. CAIS commits to facilitate students and their families to live in a loving, committed relationship with God and to equip them to serve God and mankind. The school uses a 6 days rotation schedule. With Chinese lesson in 5 out of the 6 days, uses local Chinese curriculum with own adaptations.",https://scontent-lhr11-1.xx.fbcdn.net/v/t39.30808-6/476834306_1130028529130434_7715644871085847097_n.jpg?stp=dst-jpg_tt6&cstp=mx2048x1152&ctp=s2048x1152&_nc_cat=101&ccb=1-7&_nc_sid=cc71e4&_nc_ohc=Tlh-tFrnT0kQ7kNvwEXbwEj&_nc_oc=Adry1tZzpZgTRPkcWCp2US0qboQmmneRCkYG3sQGL6N5orEOMcCAd02Kuvb8zr0ZN50&_nc_zt=23&_nc_ht=scontent-lhr11-1.xx&_nc_gid=1aIG2dO9-I7ZsrebIwiBtA&_nc_ss=7b2a8&oh=00_AQAkT50cVpvBLHtOEu8uPQPX7J-r2MYlg64rPa23sKOuig&oe=6A6B492B,https://scontent-lhr6-1.xx.fbcdn.net/v/t39.30808-6/295377162_450975273702433_7995524368776891264_n.jpg?stp=dst-jpg_tt6&cstp=mx1080x1080&ctp=s1080x1080&_nc_cat=108&ccb=1-7&_nc_sid=6ee11a&_nc_ohc=RQXO_uT65psQ7kNvwFU17j3&_nc_oc=AdrQ3AjiYfck6Rz8nmWn7DZQNKs5CBBpO12ZgZIe5zu4Wa8eGhJIYkhh6pqehmqF4aY&_nc_zt=23&_nc_ht=scontent-lhr6-1.xx&_nc_gid=e8kEry5gvmqCHnZ-2LbA_w&_nc_ss=7b2a8&oh=00_AQBIwcxyPjCuAA1z4bDYx5eJPTXhSJiWd3X78RWEshWMJA&oe=6A6B5D61,"Researched (Batch 1, refined Batch 2)",5–18,Daniel Schick,2017,"English, Putonghua, French, Spanish",,"approx. 1,700",5–18
Christian Alliance P.C. Lau Memorial International School,,Canadian Curriculum,Kowloon,International School,Primary,"HK$136,470-177,540",2026/27,Not publicly itemised in sources reviewed,Not publicly itemised in sources reviewed,"This is a separate, smaller school from Christian Alliance International School (CAIS), which is listed separately.","Christian Alliance P.C. Lau Memorial International School is an international school situated in the Kowloon district of Hong Kong. The school provides primary education following the Canadian Curriculum framework.

Christian Alliance P.C. Lau Memorial International School reopened in August 2020. The medium of instruction is approximately 65% English and 35% Chinese (Mandarin with traditional characters); no streaming for Chinese, each semester will have one specific subject taught in Mandarin, Math is always instructed in Mandarin but textbook in English. No quota for international students and the school has 550 capacity.",https://www.capcl.edu.hk/wp-content/uploads/2025/07/A-263.webp,https://www.capcl.edu.hk/wp-content/uploads/2019/08/CAPCL_Logo.png,Researched (Batch 2),5–12,Dr. Cora Hui,1992,"English, Putonghua",,300 - 400,5–12
City Kids HKPPA Pre-School & Playgroup,draft,UK Curriculum,Hong Kong Island,Kindergarten,Preschool,,,,,Not yet researched,City Kids HKPPA Pre-School & Playgroup is a kindergarten institution situated in the Hong Kong Island district of Hong Kong. The school specializes in early childhood and preschool education based on the UK Curriculum curriculum.,,,Pending,,,,,,,
Concordia International School,draft,US Curriculum,Kowloon,International School,Secondary,"HK$134,000-156,500",2026/27,Not publicly itemised in sources reviewed,Not publicly itemised in sources reviewed,,Concordia International School is an international school situated in the Kowloon district of Hong Kong. The school provides secondary education structured around the US Curriculum curriculum.,,,Researched (Batch 2),,,,,,,
Creative Secondary School,,Hong Kong Curriculum,New Territories,DSS School,Secondary,,,,,Not yet researched,Creative Secondary School is a Direct Subsidy Scheme (DSS) school situated in the New Territories district of Hong Kong. The school provides secondary education structured around the Hong Kong Curriculum curriculum.,https://scontent-lhr11-1.xx.fbcdn.net/v/t39.30808-6/449786166_871827224966655_2520892916922440913_n.png?stp=dst-png&cstp=mx3038x1126&ctp=p720x720&_nc_cat=101&ccb=1-7&_nc_sid=cc71e4&_nc_ohc=3Kggj5jm0qAQ7kNvwHQiGgB&_nc_oc=Adp9-Grkjtx8idrB1VBu5Ym-s488wDC49cnYWIqME_nTV4zxKyDT43GflDpxLwZSMeU&_nc_zt=23&_nc_ht=scontent-lhr11-1.xx&_nc_gid=N1t1uedE-6SPWcn5SLjQLQ&_nc_ss=7b2a8&oh=00_AQAFyTEoc0emaQiJZpunrihOVM180Bhsq7Nn5plOwLmTBQ&oe=6A6B33BE,https://www.facebook.com/photo/?fbid=1432790605536978&set=a.444318267717555&__tn__=%3C,Pending,12–17,Stephen Hindes,2006,"English, Cantonese, Putonghua, Spanish, German",,700 - 800,12–17
Dalton School Hong Kong,,Dalton Plan,Hong Kong Island,Private School,Primary,"Highest published bands 26/27 - Primary: HK$218,680 | Secondary: HK$246,180 (per hk-schools.com fee tracker)",2026/27,Not publicly itemised in sources reviewed,Not publicly itemised in sources reviewed,"New all-through school (opened 2024) at Stubbs Road, Mid-Levels; first graduating cohort expected 2030.","Dalton School Hong Kong is a private school situated in the Hong Kong Island district of Hong Kong. The school provides primary education following the Dalton Plan framework.

Opened in August 2017, it is a non-profit, child-centered, dual language (English/Putonghua) primary school integrating the heritage of Chinese culture and traditions with the progressive Dalton Plan. Building upon the success of Little Dalton and DSHK is founded on the rich traditions of the Tsinghua University Primary School and Helen Parkhurst’s Dalton Plan.",https://www.facebook.com/photo/?fbid=568343491749108&set=a.568343441749113,https://www.facebook.com/photo/?fbid=1036698891580230&set=a.568343451749112&__tn__=%3C,Researched (Batch 2),5–18,Shaun Porter,2017,"English, Putonghua",,300+,5–18
David Exodus Kindergarten,draft,School-Based / Play-Based,New Territories,Kindergarten,Preschool,,,,,Not yet researched,David Exodus Kindergarten is a kindergarten institution situated in the New Territories district of Hong Kong. The school specializes in early childhood and preschool education based on the School-Based / Play-Based curriculum.,,,Pending,,,,,,,
Deborah Education Institute: Deborah International Pre-school / Play School,draft,School-Based / Play-Based,New Territories,Kindergarten,Preschool,,,,,Not yet researched,Deborah Education Institute: Deborah International Pre-school / Play School is a kindergarten institution situated in the New Territories district of Hong Kong. The school specializes in early childhood and preschool education based on the School-Based / Play-Based curriculum.,"https://static.wixstatic.com/media/93b54b_1ab86def590f435585d6c4ad1cfca19b~mv2.png/v1/fill/w_454,h_440,al_c,q_85,usm_0.66_1.00_0.01,enc_avif,quality_auto/cover1a.png","https://static.wixstatic.com/media/93b54b_35ff3f23c5794d758e0b378ee4c30db4~mv2.png/v1/fill/w_318,h_89,al_c,lg_1,q_85,enc_avif,quality_auto/93b54b_35ff3f23c5794d758e0b378ee4c30db4~mv2.png",Pending,,,,,,,
Delia Memorial School Glee Path,draft,Hong Kong Curriculum,Kowloon,DSS School,Secondary,,,,,Not yet researched,Delia Memorial School Glee Path is a Direct Subsidy Scheme (DSS) school situated in the Kowloon district of Hong Kong. The school provides secondary education structured around the Hong Kong Curriculum curriculum.,,,Pending,,,,,,,
Discovery Bay International School,,UK Curriculum,New Territories,International School,"Preschool, Primary, Secondary","HK$139,200-206,800 (26/27)",2026/27,"Compulsory one-off Standard School Development Levy: HK$60,000 for new students (FS1-Year 11) not covered by the Premium Levy","No debenture; optional one-off HK$500,000 Premium School Development Levy gives priority on the admissions waiting list","Application fee HK$2,000.","Discovery Bay International School is an international school situated in the New Territories district of Hong Kong. It provides education spanning early years through secondary levels, following the UK Curriculum framework.

Founded in 1983, Discovery Bay International School (DBIS) offers a broad international curriculum with British characteristics and a distinctive learning journey for its students. Small, community school serving DB residents.",https://www.facebook.com/photo/?fbid=639140664571734&set=a.610674387418362,https://scontent-lhr11-1.xx.fbcdn.net/v/t39.30808-1/310621039_610674397418361_1392135564191949351_n.png?stp=dst-png&cstp=mx2048x2048&ctp=s480x480&_nc_cat=110&ccb=1-7&_nc_sid=2d3e12&_nc_ohc=Csj4TrQ4VX4Q7kNvwF2XkBF&_nc_oc=AdrzVL4XDnxm7MVcRWIMkX6t80P4V5e563I8-j83HM2blREGuL_3e4ZhVjDIJOvHJpo&_nc_zt=24&_nc_ht=scontent-lhr11-1.xx&_nc_gid=IBUIZjMlUKhGIfXQnGXtUg&_nc_ss=7b2a8&oh=00_AQD_logMyFVhkW5rypgn8Vu4ADBLvqNTKbHxpCjpwaM9kQ&oe=6A6B29CD,Researched (Batch 2),5–18,Marc Morris,1983,English,,"1,150–1,250",5–18
Discovery Mind International Play Centre / Kindergarten / Primary School,draft,UK Curriculum,New Territories,"Kindergarten, Private School","Preschool, Primary",,,,,Not yet researched,"Discovery Mind International Play Centre / Kindergarten / Primary School is a kindergarten, private school situated in the New Territories district of Hong Kong. It provides education spanning early years through secondary levels, following the UK Curriculum framework.",https://discoverymind.edu.hk/wp-content/uploads/2024/11/KSS04861-scaled-e1731909974630.jpg,https://discoverymind.edu.hk/wp-content/uploads/2023/11/30th-logo-300x300.png,Pending,,,,,,,
Discovery Montessori Academy,draft,Montessori,New Territories,Private School,Primary,,,,,Not yet researched,Discovery Montessori Academy is a private school situated in the New Territories district of Hong Kong. The school provides primary education following the Montessori framework.,,,Pending,,,,,,,
Discovery Montessori School,draft,Montessori,New Territories,Kindergarten,Preschool,,,,,Not yet researched,Discovery Montessori School is a kindergarten institution situated in the New Territories district of Hong Kong. The school specializes in early childhood and preschool education based on the Montessori curriculum.,,,Pending,,,,,,,
DSC International School,,Canadian Curriculum,Hong Kong Island,International School,"Primary, Secondary","HK$153,700-175,700",2026/27,Not publicly itemised in sources reviewed,Not publicly itemised in sources reviewed,,"DSC International School is an international school situated in the Hong Kong Island district of Hong Kong. It offers primary and secondary academic programs structured around the Canadian Curriculum.

Established in 1986, Delia School of Canada offers a diverse, multicultural learning environment with a student cohort of over 47 different nationalities.
The Ontario Secondary School Diploma offers a flexible, credit based system. The campus has undergone extensive renovation in Summer 23 and continues in Summer 24. Inclusive school able to accommodate some learning needs. Operated by the Chow Tai Fook Education Group (CTF Education).",https://scontent-lhr6-1.xx.fbcdn.net/v/t39.30808-6/599576271_1340564141416472_4212305600711787042_n.jpg?stp=dst-jpg_tt6&cstp=mx2048x1152&ctp=s2048x1152&_nc_cat=109&ccb=1-7&_nc_sid=cc71e4&_nc_ohc=BVQn3UFAie4Q7kNvwHPP4x3&_nc_oc=AdrURwqoTS6XM3z3H0vJ29qEQjf5xMEXGMsfwh4HdM6M2f64AgJcxDMuaeDYSjIMGq0&_nc_zt=23&_nc_ht=scontent-lhr6-1.xx&_nc_gid=3DMAhw9lTWrnq6B5Ku8DQg&_nc_ss=7b2a8&oh=00_AQCR5h_LfZ8AAYY0igwr69EfZANqu26wyhecndC_W49aqQ&oe=6A6B606F,https://scontent-lhr11-1.xx.fbcdn.net/v/t39.30808-1/306336527_478430187629876_7658076538461629380_n.jpg?stp=dst-jpg_tt6&cstp=mx1000x1000&ctp=s480x480&_nc_cat=101&ccb=1-7&_nc_sid=2d3e12&_nc_ohc=Yvr20tbAJa0Q7kNvwFMMI60&_nc_oc=AdqL9y0le8QACr_-gJnM6EUw_wiVU8vpHaDObdoqehy_VTgPLG9xC0et934XnOQjP6Y&_nc_zt=24&_nc_ht=scontent-lhr11-1.xx&_nc_gid=oTYJvFziOQ_PsrNlWK7TGA&_nc_ss=7b2a8&oh=00_AQBDvc3gfvdmD6UzVANAQhCil--1YdtI_5sduHaVKyfIwA&oe=6A6B2B43,Researched (Batch 2),4–18,Dr. Jason Walter,1986,"English, Putonghua, French, Japanese",,"1,200+",4–18
Eminent International PreSchool,draft,UK Curriculum,New Territories,Kindergarten,Preschool,,,,,Not yet researched,Eminent International PreSchool is a kindergarten institution situated in the New Territories district of Hong Kong. The school specializes in early childhood and preschool education based on the UK Curriculum curriculum.,,,Pending,,,,,,,
ESF Abacus International Kindergarten,,IB Curriculum,New Territories,English Schools Foundation (ESF),Preschool,"English stream: HK$109,000 | Bilingual stream: HK$126,600",2026/27,N/A (kindergarten - see Debenture),"Class A (priority fast-track, redeemable): HK$500,000 | Class B (being phased out in favour of HK$9,000 tuition deposit): HK$7,000","26/27 fees proposed, subject to final Education Bureau approval.",TEMPORARILY CLOSED - TO REOPEN AUG 2028. ESF Abacus International Kindergarten is an english schools foundation (esf) situated in the New Territories district of Hong Kong. The school specializes in early childhood and preschool education based on the IB Curriculum curriculum.,https://scontent-lhr11-1.xx.fbcdn.net/v/t39.30808-6/480256483_1163061125526420_3056640991311099080_n.jpg?stp=dst-jpg_tt6&cstp=mx1536x2048&ctp=s1536x2048&_nc_cat=110&ccb=1-7&_nc_sid=cc71e4&_nc_ohc=R3I4IauMmr4Q7kNvwFOliGZ&_nc_oc=AdokoOEEomJVn7iGYd_2Rzwhg72PMS3jGenWgjOBdPFCGEn-Pv2HKmUaTGF8h7jtEbk&_nc_zt=23&_nc_ht=scontent-lhr11-1.xx&_nc_gid=BXvOnLl7CLH3pkGu1GA22Q&_nc_ss=7b2a8&oh=00_AQBPdCs6a0A0cNIphQRyznG_Ze2m5i3ASe11-kRaLwjtxQ&oe=6A6B4F1C,https://www.abacus.edu.hk/cache/img/c8afc39632b4f8d5a34ab48473a857a4.png,Researched (Batch 1),3–5,Frances Hurley,2002,"English, Putonghua",,185,3–5
ESF Beacon Hill School,,IB Curriculum,Kowloon,English Schools Foundation (ESF),Primary,"HK$145,000 (Years 1-6)",2026/27,"One-off, sliding by year of entry: HK$38,000 (Yr1) to HK$3,800 (Yr13)",None,"26/27 fee proposed, subject to final Education Bureau approval.",ESF Beacon Hill School is an english schools foundation (esf) situated in the Kowloon district of Hong Kong. The school provides primary education following the IB Curriculum framework.,https://scontent-lhr6-1.xx.fbcdn.net/v/t39.30808-6/474948644_1061535785987609_8306851070002153488_n.jpg?stp=dst-jpg_tt6&cstp=mx980x380&ctp=s980x380&_nc_cat=109&ccb=1-7&_nc_sid=cc71e4&_nc_ohc=busXvzIynNoQ7kNvwE5UDle&_nc_oc=AdqSEEDnvL5Ld0uTn-5pZ8OZ3nkxkPpwuwQvzZDUDHNKPJk6IgSAiP82ZUdKRqp0-0Y&_nc_zt=23&_nc_ht=scontent-lhr6-1.xx&_nc_gid=M-sxcZ8Ut3bS7bMXrxzS2w&_nc_ss=7b2a8&oh=00_AQBHW_f6QQ-cPk43FL-yJm1PydSmwbsgRkrllg2j28v8fA&oe=6A6B2947,https://scontent-lhr11-1.xx.fbcdn.net/v/t39.30808-1/235759782_105405201850599_7690428341338471788_n.jpg?stp=dst-jpg_tt6&cstp=mx400x400&ctp=s400x400&_nc_cat=104&ccb=1-7&_nc_sid=2d3e12&_nc_ohc=Y_1TwCj7Y0sQ7kNvwHyFK-o&_nc_oc=Adqdi-EEwA0Zk6k54HFIzEEskACuk6b0Hm2WsUUw6c4e78KNXFtu94tVU8X0qzC8tys&_nc_zt=24&_nc_ht=scontent-lhr11-1.xx&_nc_gid=kTxu_U0hbldNVlE5QEvf2g&_nc_ss=7b2a8&oh=00_AQAxsZNczVBe1JOb1BpVPIzQ51_Su08IuWJ25VqGHoqY1g&oe=6A6B5BD6,Researched (Batch 1),5–11,Dr. Jamie Schmitz,1967,English,,500 - 600,5–11
ESF Bradbury School,,IB Curriculum,Hong Kong Island,English Schools Foundation (ESF),Primary,"HK$145,000 (Years 1-6)",2026/27,"One-off, sliding by year of entry: HK$38,000 (Yr1) to HK$3,800 (Yr13)",None,"26/27 fee proposed, subject to final Education Bureau approval.",ESF Bradbury School is an english schools foundation (esf) situated in the Hong Kong Island district of Hong Kong. The school provides primary education following the IB Curriculum framework.,https://scontent-lhr6-1.xx.fbcdn.net/v/t39.30808-6/691508552_1528829329252710_6129218488589236674_n.jpg?stp=dst-jpg_tt6&cstp=mx958x1278&ctp=s958x1278&_nc_cat=109&ccb=1-7&_nc_sid=127cfc&_nc_ohc=gFtOI3qXh5IQ7kNvwEuZdx5&_nc_oc=AdofT2w_138do2-JX4EIVe35IRvK-FuT9y8Ip41eBGfhnp8JLTODzcBpie1Qti0pt1M&_nc_zt=23&_nc_ht=scontent-lhr6-1.xx&_nc_gid=Sl7owRtl2UF82M42iZ8jkg&_nc_ss=7b2a8&oh=00_AQAJy3O7eTYOn11OWFANuyEYBGhHkRzSCFEoEUis0b_tdg&oe=6A6B2E1D,https://scontent-lhr11-1.xx.fbcdn.net/v/t39.30808-1/235759782_105405201850599_7690428341338471788_n.jpg?stp=dst-jpg_tt6&cstp=mx400x400&ctp=s400x400&_nc_cat=104&ccb=1-7&_nc_sid=2d3e12&_nc_ohc=Y_1TwCj7Y0sQ7kNvwHyFK-o&_nc_oc=Adqdi-EEwA0Zk6k54HFIzEEskACuk6b0Hm2WsUUw6c4e78KNXFtu94tVU8X0qzC8tys&_nc_zt=24&_nc_ht=scontent-lhr11-1.xx&_nc_gid=kTxu_U0hbldNVlE5QEvf2g&_nc_ss=7b2a8&oh=00_AQAxsZNczVBe1JOb1BpVPIzQ51_Su08IuWJ25VqGHoqY1g&oe=6A6B5BD6,Researched (Batch 1),5–11,Kate Gower,1975,"English, Mandarin",,700 - 800,5–11
ESF Clearwater Bay School,,IB Curriculum,New Territories,English Schools Foundation (ESF),Primary,"HK$145,000 (Years 1-6)",2026/27,"One-off, sliding by year of entry: HK$38,000 (Yr1) to HK$3,800 (Yr13)",None,"26/27 fee proposed, subject to final Education Bureau approval.",ESF Clearwater Bay School is an english schools foundation (esf) situated in the New Territories district of Hong Kong. The school provides primary education following the IB Curriculum framework.,https://scontent-lhr11-1.xx.fbcdn.net/v/t39.30808-6/630034678_1227883179484274_6073565947398748620_n.jpg?stp=dst-jpg_tt6&cstp=mx2048x1536&ctp=s2048x1536&_nc_cat=104&ccb=1-7&_nc_sid=cc71e4&_nc_ohc=QjkkyvQKKr0Q7kNvwGUuzTe&_nc_oc=Adrj5QRFnkHUXW1snJ4B8uQqhq646D5cX-LqexyljdxtOMANkr598WuwDn4WQApaENg&_nc_zt=23&_nc_ht=scontent-lhr11-1.xx&_nc_gid=0eW-FaMY-K5uAAZYe0JSnw&_nc_ss=7b2a8&oh=00_AQAKJmD59Dl-YxP2JvSTzOCkGnfgoJLFcHZjV_DC5BKTjA&oe=6A6B32CE,https://scontent-lhr11-1.xx.fbcdn.net/v/t39.30808-1/235759782_105405201850599_7690428341338471788_n.jpg?stp=dst-jpg_tt6&cstp=mx400x400&ctp=s400x400&_nc_cat=104&ccb=1-7&_nc_sid=2d3e12&_nc_ohc=Y_1TwCj7Y0sQ7kNvwHyFK-o&_nc_oc=Adqdi-EEwA0Zk6k54HFIzEEskACuk6b0Hm2WsUUw6c4e78KNXFtu94tVU8X0qzC8tys&_nc_zt=24&_nc_ht=scontent-lhr11-1.xx&_nc_gid=kTxu_U0hbldNVlE5QEvf2g&_nc_ss=7b2a8&oh=00_AQAxsZNczVBe1JOb1BpVPIzQ51_Su08IuWJ25VqGHoqY1g&oe=6A6B5BD6,Researched (Batch 1),5–11,Michael Dewey,1992,English,,720,5–11
ESF Discovery College,,IB Curriculum,New Territories,English Schools Foundation (ESF),"Primary, Secondary","Years 1-6: HK$169,900 | Years 7-11: HK$223,900 | Years 12-13: HK$225,600",2026/27,"Non-refundable Building Levy: HK$8,060/year (paid monthly)",None disclosed,"Operates as a Private Independent School (PIS) with its own fee/levy structure, distinct from standard ESF schools.",ESF Discovery College is an english schools foundation (esf) situated in the New Territories district of Hong Kong. It offers primary and secondary academic programs structured around the IB Curriculum.,https://scontent-lhr6-1.xx.fbcdn.net/v/t39.30808-6/475836312_1098942122243143_6157422678680437979_n.jpg?stp=dst-jpg_tt6&cstp=mx1812x496&ctp=s1812x496&_nc_cat=109&ccb=1-7&_nc_sid=cc71e4&_nc_ohc=nu5Nf1RkGxoQ7kNvwHy9jL1&_nc_oc=Adp1ID-Jrl9ClIRCwVCtM2d1ddshWZFDde-Dr2UjK_PuZ9xGbsLo4rXoXTs7kx0kOIc&_nc_zt=23&_nc_ht=scontent-lhr6-1.xx&_nc_gid=dku03fMGb60JzgsNvTmWTA&_nc_ss=7b2a8&oh=00_AQC8-WdEyEcO-UAUH8WJRZDhkuyeDCN1O6vAa9Tq8z8Ovg&oe=6A6B59B6,https://scontent-lhr11-1.xx.fbcdn.net/v/t39.30808-1/235759782_105405201850599_7690428341338471788_n.jpg?stp=dst-jpg_tt6&cstp=mx400x400&ctp=s400x400&_nc_cat=104&ccb=1-7&_nc_sid=2d3e12&_nc_ohc=Y_1TwCj7Y0sQ7kNvwHyFK-o&_nc_oc=Adqdi-EEwA0Zk6k54HFIzEEskACuk6b0Hm2WsUUw6c4e78KNXFtu94tVU8X0qzC8tys&_nc_zt=24&_nc_ht=scontent-lhr11-1.xx&_nc_gid=kTxu_U0hbldNVlE5QEvf2g&_nc_ss=7b2a8&oh=00_AQAxsZNczVBe1JOb1BpVPIzQ51_Su08IuWJ25VqGHoqY1g&oe=6A6B5BD6,Researched (Batch 1),5–18,Chloë Pollack,2008,English,,"1,300",5–18
ESF Glenealy School,,IB Curriculum,Hong Kong Island,English Schools Foundation (ESF),Primary,"HK$145,000 (Years 1-6)",2026/27,"One-off, sliding by year of entry: HK$38,000 (Yr1) to HK$3,800 (Yr13)",None,"26/27 fee proposed, subject to final Education Bureau approval.",ESF Glenealy School is an english schools foundation (esf) situated in the Hong Kong Island district of Hong Kong. The school provides primary education following the IB Curriculum framework.,https://scontent-lhr11-1.xx.fbcdn.net/v/t39.30808-6/535457731_763173809415437_3549271243594638222_n.jpg?stp=dst-jpg_tt6&cstp=mx2048x1536&ctp=s2048x1536&_nc_cat=111&ccb=1-7&_nc_sid=cc71e4&_nc_ohc=d9fhzcw7xeQQ7kNvwGxA69U&_nc_oc=AdrLj93VyH1INpUMnU0q4MeUvmvQ7f4ruWqBrwyAPr2KN3uOKuFyPqrEuH8ZSUj-mio&_nc_zt=23&_nc_ht=scontent-lhr11-1.xx&_nc_gid=kTxu_U0hbldNVlE5QEvf2g&_nc_ss=7b2a8&oh=00_AQAGhPvzMUr0CCsmyGXla3Ev7q-gtnV3RtsckR4l-4NTVA&oe=6A6B49F3,https://scontent-lhr11-1.xx.fbcdn.net/v/t39.30808-1/235759782_105405201850599_7690428341338471788_n.jpg?stp=dst-jpg_tt6&cstp=mx400x400&ctp=s400x400&_nc_cat=104&ccb=1-7&_nc_sid=2d3e12&_nc_ohc=Y_1TwCj7Y0sQ7kNvwHyFK-o&_nc_oc=Adqdi-EEwA0Zk6k54HFIzEEskACuk6b0Hm2WsUUw6c4e78KNXFtu94tVU8X0qzC8tys&_nc_zt=24&_nc_ht=scontent-lhr11-1.xx&_nc_gid=kTxu_U0hbldNVlE5QEvf2g&_nc_ss=7b2a8&oh=00_AQAxsZNczVBe1JOb1BpVPIzQ51_Su08IuWJ25VqGHoqY1g&oe=6A6B5BD6,Researched (Batch 1),5–11,Christopher Coyle,1959,English,,350 - 450,5–11
ESF Hillside International Kindergarten,,IB Curriculum,Hong Kong Island,English Schools Foundation (ESF),Preschool,"HK$107,200",2026/27,N/A (kindergarten - see Debenture),"Class A (redeemable): HK$500,000 | Class B (phased out in favour of HK$9,000 deposit): HK$7,000","26/27 fee proposed, subject to final Education Bureau approval.",ESF Hillside International Kindergarten is an english schools foundation (esf) situated in the Hong Kong Island district of Hong Kong. The school specializes in early childhood and preschool education based on the IB Curriculum curriculum.,https://scontent-lhr6-1.xx.fbcdn.net/v/t39.30808-6/478746114_1082569280550782_3076643366374355832_n.jpg?stp=dst-jpg_tt6&cstp=mx2048x1365&ctp=s2048x1365&_nc_cat=108&ccb=1-7&_nc_sid=cc71e4&_nc_ohc=MTkoWVzDKMYQ7kNvwHAsSfq&_nc_oc=AdoFPHYRAXSFhfQhFmlAKLHbm_FsZ7mn_P-H991PGEYiAfLmyQyXHFs838CDw7RTxfE&_nc_zt=23&_nc_ht=scontent-lhr6-1.xx&_nc_gid=6R9L87yzrX532ajqHqjzEg&_nc_ss=7b2a8&oh=00_AQBGonzVYz0laeATBo9rTTJwavChNKNpqPaA_bHjiHtrFw&oe=6A6B5E1E,https://scontent-lhr11-1.xx.fbcdn.net/v/t39.30808-1/235759782_105405201850599_7690428341338471788_n.jpg?stp=dst-jpg_tt6&cstp=mx400x400&ctp=s400x400&_nc_cat=104&ccb=1-7&_nc_sid=2d3e12&_nc_ohc=Y_1TwCj7Y0sQ7kNvwHyFK-o&_nc_oc=Adqdi-EEwA0Zk6k54HFIzEEskACuk6b0Hm2WsUUw6c4e78KNXFtu94tVU8X0qzC8tys&_nc_zt=24&_nc_ht=scontent-lhr11-1.xx&_nc_gid=kTxu_U0hbldNVlE5QEvf2g&_nc_ss=7b2a8&oh=00_AQAxsZNczVBe1JOb1BpVPIzQ51_Su08IuWJ25VqGHoqY1g&oe=6A6B5BD6,Researched (Batch 1),3–5,Audrey Tang,1999,English,,,3–5
ESF Island School,,IB Curriculum,Hong Kong Island,English Schools Foundation (ESF),Secondary,"Years 7-11: HK$188,300 | Years 12-13: HK$174,200",2026/27,"One-off, sliding by year of entry: HK$38,000 (Yr1) to HK$3,800 (Yr13)",None,"26/27 fee proposed, subject to final Education Bureau approval. Years 12-13 fee is government-subvented.",ESF Island School is an english schools foundation (esf) situated in the Hong Kong Island district of Hong Kong. The school provides secondary education structured around the IB Curriculum curriculum.,https://scontent-lhr11-1.xx.fbcdn.net/v/t39.30808-6/484984004_1050863140395185_6921225846878551711_n.jpg?stp=dst-jpg_tt6&cstp=mx2048x1360&ctp=s2048x1360&_nc_cat=100&ccb=1-7&_nc_sid=cc71e4&_nc_ohc=amIqARN4jjEQ7kNvwHW-228&_nc_oc=Ado1yQrqh0OVlZQncSyok4L6Ilam3JXNecMX-M6epXC1k1F3hfDNSq5kIf-G5Fr4hpU&_nc_zt=23&_nc_ht=scontent-lhr11-1.xx&_nc_gid=d8AIgkat9NhIyoLLmMPs_g&_nc_ss=7b2a8&oh=00_AQBefipef3AQVQ0ULTBTU1raSa8PaT1YU-88RWLOhXJQjw&oe=6A6B412C,https://scontent-lhr11-1.xx.fbcdn.net/v/t39.30808-6/628390816_1313136967501133_8678113041765591596_n.jpg?stp=dst-jpg_tt6&cstp=mx360x384&ctp=s360x384&_nc_cat=111&ccb=1-7&_nc_sid=6ee11a&_nc_ohc=qDrD0qCeQQwQ7kNvwGB0lZZ&_nc_oc=AdqBO7qwGeNd1CYmUkIrDQjU9oZzji_liKgedDUR0Iza9-hzmki4Q9nTgNtPs-V_Qvo&_nc_zt=23&_nc_ht=scontent-lhr11-1.xx&_nc_gid=hP8xPmduLH4lomQ1JBmu-Q&_nc_ss=7b2a8&oh=00_AQC6jU8xPZ1sq8GX09e9mDffqZZUEUg9YxtWT2qucewnMA&oe=6A6B383E,Researched (Batch 1),11–18,Nina Gunson,1967,English,,1200,11–18
ESF Kennedy School,,IB Curriculum,Hong Kong Island,English Schools Foundation (ESF),Primary,"HK$145,000 (Years 1-6)",2026/27,"One-off, sliding by year of entry: HK$38,000 (Yr1) to HK$3,800 (Yr13)",None,"26/27 fee proposed, subject to final Education Bureau approval.",ESF Kennedy School is an english schools foundation (esf) situated in the Hong Kong Island district of Hong Kong. The school provides primary education following the IB Curriculum framework.,https://scontent-lhr6-1.xx.fbcdn.net/v/t39.30808-6/566333018_1299878788819036_6744519991801643311_n.jpg?stp=cp6_dst-jpg_tt6&cstp=mx2048x1536&ctp=s2048x1536&_nc_cat=103&ccb=1-7&_nc_sid=86c6b0&_nc_ohc=2kB9J53JZPQQ7kNvwFhfRjq&_nc_oc=Adqnxa0225XwwM3fbsN4ugkxhQwkZY8CE5YJ-7gMBQdJpZr9DAom21rAdJQAqKuAZIo&_nc_zt=23&_nc_ht=scontent-lhr6-1.xx&_nc_gid=gbEvDdLE57jhGmhpVtrNJA&_nc_ss=7b2a8&oh=00_AQCV0TKadHQ4msX4FHwrGL1QPwaNokxL7CGtClK9CgUn8g&oe=6A6B58CC,https://scontent-lhr11-1.xx.fbcdn.net/v/t39.30808-1/235759782_105405201850599_7690428341338471788_n.jpg?stp=dst-jpg_tt6&cstp=mx400x400&ctp=s400x400&_nc_cat=104&ccb=1-7&_nc_sid=2d3e12&_nc_ohc=Y_1TwCj7Y0sQ7kNvwHyFK-o&_nc_oc=Adqdi-EEwA0Zk6k54HFIzEEskACuk6b0Hm2WsUUw6c4e78KNXFtu94tVU8X0qzC8tys&_nc_zt=24&_nc_ht=scontent-lhr11-1.xx&_nc_gid=kTxu_U0hbldNVlE5QEvf2g&_nc_ss=7b2a8&oh=00_AQAxsZNczVBe1JOb1BpVPIzQ51_Su08IuWJ25VqGHoqY1g&oe=6A6B5BD6,Researched (Batch 1),5–11,Brenda Cook,1961,English,,900,5–11
ESF King George V School,,IB Curriculum,Kowloon,English Schools Foundation (ESF),Secondary,"Years 7-11: HK$188,300 | Years 12-13: HK$174,200",2026/27,"One-off, sliding by year of entry: HK$38,000 (Yr1) to HK$3,800 (Yr13)",None,"26/27 fee proposed, subject to final Education Bureau approval. Years 12-13 fee is government-subvented.",ESF King George V School is an english schools foundation (esf) situated in the Kowloon district of Hong Kong. The school provides secondary education structured around the IB Curriculum curriculum.,https://scontent-lhr11-1.xx.fbcdn.net/v/t39.30808-6/494533721_2648017718734353_1902594527908906942_n.jpg?stp=dst-jpg_tt6&cstp=mx3320x1262&ctp=s3320x1262&_nc_cat=106&ccb=1-7&_nc_sid=cc71e4&_nc_ohc=VldOG8E0JNMQ7kNvwEbnv83&_nc_oc=AdqxikTWA-Y7KdCsYQbGHNoLjG89u1LSHU3nMtuB6GEJyD4WjX4CfKN_QYxmCuODweQ&_nc_zt=23&_nc_ht=scontent-lhr11-1.xx&_nc_gid=vbjRZBJzwMdFrznbZQEdBQ&_nc_ss=7b2a8&oh=00_AQDDUu-jlhENe7qKJ4yQ0wiEp0WHOPDeZOIT-z8UqqZvIw&oe=6A6B5B8A,https://scontent-lhr6-1.xx.fbcdn.net/v/t39.30808-1/588213976_1415055363960767_3265707047089764358_n.jpg?stp=c280.280.1488.1488a_dst-jpg_tt6&cstp=mx1488x1488&ctp=s480x480&_nc_cat=108&ccb=1-7&_nc_sid=2d3e12&_nc_ohc=BRjoiWEKlywQ7kNvwGx-mx0&_nc_oc=AdrCpyesYvViQxao3REvQROnQUkjOLy7Q1YlaTYycJX0Jzby5mjIsWf7VGeVIEoRTfA&_nc_zt=24&_nc_ht=scontent-lhr6-1.xx&_nc_gid=FjHLeGEIQEdAZISM24W4Pw&_nc_ss=7b2a8&oh=00_AQBN-DnhnYCJi7YBGAqUJ5z6mIxfLy-anauSGINgqonnFA&oe=6A6B3C4A,Researched (Batch 1),11–18,Mark Poulsum,1902,English,,"1,900–2,000",11–18
ESF Kornhill Kindergarten,,IB Curriculum,Hong Kong Island,"English Schools Foundation (ESF), Kindergarten",Preschool,"HK$107,200",N/A,Not yet published,Not yet published,This is ESF's new kindergarten opening in the Kornhill area (operating as ESF Quarry Bay School Kindergarten) in August 2026. Fees require Education Bureau approval and had not been announced as of this guide.,"ESF Kornhill Kindergarten is an english schools foundation (esf), kindergarten situated in the Hong Kong Island district of Hong Kong. The school specializes in early childhood and preschool education based on the IB Curriculum curriculum.",,https://scontent-lhr11-1.xx.fbcdn.net/v/t39.30808-1/235759782_105405201850599_7690428341338471788_n.jpg?stp=dst-jpg_tt6&cstp=mx400x400&ctp=s400x400&_nc_cat=104&ccb=1-7&_nc_sid=2d3e12&_nc_ohc=Y_1TwCj7Y0sQ7kNvwHyFK-o&_nc_oc=Adqdi-EEwA0Zk6k54HFIzEEskACuk6b0Hm2WsUUw6c4e78KNXFtu94tVU8X0qzC8tys&_nc_zt=24&_nc_ht=scontent-lhr11-1.xx&_nc_gid=kTxu_U0hbldNVlE5QEvf2g&_nc_ss=7b2a8&oh=00_AQAxsZNczVBe1JOb1BpVPIzQ51_Su08IuWJ25VqGHoqY1g&oe=6A6B5BD6,Researched (Batch 1),3–5,Claire Goepel,2026,English,,200,3–5
ESF Kowloon Junior School,,IB Curriculum,Kowloon,English Schools Foundation (ESF),Primary,"HK$145,000 (Years 1-6)",2026/27,"One-off, sliding by year of entry: HK$38,000 (Yr1) to HK$3,800 (Yr13)",None,"26/27 fee proposed, subject to final Education Bureau approval.",ESF Kowloon Junior School is an english schools foundation (esf) situated in the Kowloon district of Hong Kong. The school provides primary education following the IB Curriculum framework.,https://scontent-lhr11-1.xx.fbcdn.net/v/t39.30808-6/490685670_2684022801937591_6197148572338359085_n.jpg?stp=dst-jpg_tt6&cstp=mx2048x1365&ctp=s2048x1365&_nc_cat=110&ccb=1-7&_nc_sid=cc71e4&_nc_ohc=ss0P1dTAiVcQ7kNvwEIwgPf&_nc_oc=AdoC60CzyrYGojJ8Gzo_7XAn6PzoXrwEb2UqPM5ulEvawlRMazF-cWZct2jtcOxihPg&_nc_zt=23&_nc_ht=scontent-lhr11-1.xx&_nc_gid=WjNz8L-GIt8Kppe6pZe0dQ&_nc_ss=7b2a8&oh=00_AQC6RLTZO6wI-4DjBDM9gs13ZkbHB5XjliSuC0EpjVo7Iw&oe=6A6B39E3,https://scontent-lhr6-1.xx.fbcdn.net/v/t39.30808-6/299159256_544591400792835_1012907125788191186_n.png?stp=dst-png&cstp=mx1390x1395&ctp=s1390x1395&_nc_cat=102&ccb=1-7&_nc_sid=6ee11a&_nc_ohc=hstc1QUU9ecQ7kNvwEKh9_u&_nc_oc=Adq4NajAykE7NJqpNDUIuPFQwnQRdpm71OUdp-1h6nLI9FmMm4GCOuA4vZgq0iV4xJA&_nc_zt=23&_nc_ht=scontent-lhr6-1.xx&_nc_gid=3aviWwABrDJIJd3pfpqThA&_nc_ss=7b2a8&oh=00_AQAzycnaUpKl7Yi6wh6lRrppPb_53uM41E350Ag0_mnUAw&oe=6A6B3887,Researched (Batch 1),5–11,Gavin MacGregor,1902,English,,850 - 950,5–11
ESF Peak School,,IB Curriculum,Hong Kong Island,English Schools Foundation (ESF),Primary,"HK$145,000 (Years 1-6)",2026/27,"One-off, sliding by year of entry: HK$38,000 (Yr1) to HK$3,800 (Yr13)",None,"26/27 fee proposed, subject to final Education Bureau approval.",ESF Peak School is an english schools foundation (esf) situated in the Hong Kong Island district of Hong Kong. The school provides primary education following the IB Curriculum framework.,https://scontent-lhr11-1.xx.fbcdn.net/v/t39.30808-6/475335197_648921200807942_945827157824816210_n.jpg?stp=dst-jpg_tt6&cstp=mx1920x1080&ctp=s1920x1080&_nc_cat=100&ccb=1-7&_nc_sid=cc71e4&_nc_ohc=98YV-_8BTJwQ7kNvwEtgfgs&_nc_oc=AdrUIqc5Ojev4etzpsu7XjMHIG5E8khsY1OxMRxd41qTsdr5fAPpI1aTDjSQOt9Br60&_nc_zt=23&_nc_ht=scontent-lhr11-1.xx&_nc_gid=gtJOB227P5UBtwOmvuiPHg&_nc_ss=7b2a8&oh=00_AQDwPyFDG07_934BHyaumZvC-5WLuQ1a17vjhi34Zq1T1A&oe=6A6B510B,https://scontent-lhr6-1.xx.fbcdn.net/v/t39.30808-1/301120479_203632482003485_5827129298200962224_n.jpg?stp=dst-jpg_tt6&cstp=mx1384x1384&ctp=s480x480&_nc_cat=102&ccb=1-7&_nc_sid=2d3e12&_nc_ohc=L_M6sf4oJ-oQ7kNvwFAL9-4&_nc_oc=Adr2-dRfjDunEWaiv29KcQe5Xk4SoJqi_iTCrdwc9uFFOCtISqZWQumUlLXYzuvXOck&_nc_zt=24&_nc_ht=scontent-lhr6-1.xx&_nc_gid=gtJOB227P5UBtwOmvuiPHg&_nc_ss=7b2a8&oh=00_AQCpR8D9JNMnuDmCOFW9Zonb8fIrTXpcxySsjwBZ9BJX9g&oe=6A6B3C46,Researched (Batch 1),5–11,Bill Garnett,1911,English,,360,5–11
ESF Quarry Bay School,,IB Curriculum,Hong Kong Island,English Schools Foundation (ESF),Primary,"HK$145,000 (Years 1-6)",2026/27,"One-off, sliding by year of entry: HK$38,000 (Yr1) to HK$3,800 (Yr13)",None,"26/27 fee proposed, subject to final Education Bureau approval.",ESF Quarry Bay School is an english schools foundation (esf) situated in the Hong Kong Island district of Hong Kong. The school provides primary education following the IB Curriculum framework.,https://scontent-lhr6-1.xx.fbcdn.net/v/t39.30808-6/474081400_592119786883500_2828198222699284229_n.jpg?stp=dst-jpg_tt6&cstp=mx2048x1095&ctp=s2048x1095&_nc_cat=103&ccb=1-7&_nc_sid=cc71e4&_nc_ohc=H6obEPnu4kEQ7kNvwFjw07x&_nc_oc=AdoowaHgcjnI0oQC2GLjCVnX7Z9qUIjYeGk8Xf30Giq3Ws7JLjxt-blTNBvWdlNI_WI&_nc_zt=23&_nc_ht=scontent-lhr6-1.xx&_nc_gid=foREwDQdSOfWKv1vUet7kw&_nc_ss=7b2a8&oh=00_AQDQY_c5cYnoNsvZ15_cEkELNWb0UDYSqTSB3WD9ckTHUQ&oe=6A6B36DD,https://scontent-lhr6-1.xx.fbcdn.net/v/t39.30808-1/594007300_831793679613685_3139368492380626772_n.jpg?stp=dst-jpg_tt6&cstp=mx740x740&ctp=s480x480&_nc_cat=108&ccb=1-7&_nc_sid=2d3e12&_nc_ohc=kjNygrZgI8gQ7kNvwHZl7ZO&_nc_oc=AdqG7e_sbxp_MG9uGqamVYxOMbX2jaCtdUhdEctuGh-zCsn2g0uQ2DVpbk00HlWdAyM&_nc_zt=24&_nc_ht=scontent-lhr6-1.xx&_nc_gid=foREwDQdSOfWKv1vUet7kw&_nc_ss=7b2a8&oh=00_AQADNFZqfNUO_WDcSnCL3XKpJpOwhoxjLxkVgjgF5Pc3vA&oe=6A6B58DB,Researched (Batch 1),5–11,Sue Yee,1925,English,,approx. 720,5–11
ESF Renaissance College Hong Kong,,IB Curriculum,New Territories,English Schools Foundation (ESF),"Primary, Secondary","Years 1-6: HK$154,200 | Years 7-11: HK$201,500 | Years 12-13: HK$203,700",2026/27,"One-off Non-refundable Building Levy, sliding by year of entry: HK$50,000 (Yr1) to nil (Yr13)",None disclosed,"Operates as a Private Independent School (PIS) with its own fee/levy structure, distinct from standard ESF schools.",ESF Renaissance College Hong Kong is an english schools foundation (esf) situated in the New Territories district of Hong Kong. It offers primary and secondary academic programs structured around the IB Curriculum.,https://scontent-lhr11-1.xx.fbcdn.net/v/t39.30808-6/492046932_1161329402671044_2534508464141776482_n.jpg?stp=dst-jpg_tt6&cstp=mx3306x1267&ctp=s2048x2048&_nc_cat=100&ccb=1-7&_nc_sid=cc71e4&_nc_ohc=StzALp-QPbwQ7kNvwEfdq6y&_nc_oc=AdoRh-XSoKagz2Xh2r9mjxXvd8mhkoNY_GJdgEettEVjT8zQ92yEHTThEYEY3pfedeE&_nc_zt=23&_nc_ht=scontent-lhr11-1.xx&_nc_gid=7a4hQH95GGl41FSK6WY56Q&_nc_ss=7b2a8&oh=00_AQB8d5KrCFd5YnzCDZzLi0EK70QGtVr7HExBzBql3yRcfQ&oe=6A6B3332,https://scontent-lhr6-2.xx.fbcdn.net/v/t39.30808-1/299118243_462189759251682_2673078150098596699_n.jpg?stp=c11.0.639.639a_dst-jpg_tt6&cstp=mx639x639&ctp=s480x480&_nc_cat=105&ccb=1-7&_nc_sid=2d3e12&_nc_ohc=qPpWOrH4oj8Q7kNvwHu1p20&_nc_oc=AdoQCfO0M3KUc1eFgannH4I1vfitZSfF8F0HHbgz1cAPMcCpc6V-O7IeAQWQmIrCGVk&_nc_zt=24&_nc_ht=scontent-lhr6-2.xx&_nc_gid=7a4hQH95GGl41FSK6WY56Q&_nc_ss=7b2a8&oh=00_AQAezSP64d6DsTmyedXEcHSepM003owgwcplt5ExzINacA&oe=6A6B3717,Researched (Batch 1),5–18,Harry Brown,2006,English,,"2,100 - 2,200",5–18
ESF Renaissance College Kindergarten,,IB Curriculum,New Territories,Kindergarten,Preschool,"HK$107,200",,,,,ESF Renaissance College Kindergarten is a kindergarten institution situated in the New Territories district of Hong Kong. The school specializes in early childhood and preschool education based on the IB Curriculum curriculum.,https://scontent-lhr11-1.xx.fbcdn.net/v/t39.30808-6/722859201_122108117613347235_5033141770253363191_n.jpg?stp=dst-jpg_tt6&cstp=mx1920x1440&ctp=s1920x1440&_nc_cat=106&ccb=1-7&_nc_sid=cc71e4&_nc_ohc=WQcLApS89qwQ7kNvwEUQ-ZV&_nc_oc=AdqPWIIdvX68S4XUiK0XfYt9ZEdvoYCnIQzFxK4DYKw9ljlTbfsG5HA85MuiB-mlUY4&_nc_zt=23&_nc_ht=scontent-lhr11-1.xx&_nc_gid=Hq1YHjOP770-2dmsQCnnig&_nc_ss=7b2a8&oh=00_AQAEMoVX72TqP88bIQpJhdoE-YFMlM8_MW1tcVF2BfoVLA&oe=6A6B5152,https://scontent-lhr11-1.xx.fbcdn.net/v/t39.30808-6/722147716_122108115813347235_5487581911973779797_n.jpg?stp=dst-jpg_tt6&cstp=mx1322x1322&ctp=s1322x1322&_nc_cat=101&ccb=1-7&_nc_sid=6ee11a&_nc_ohc=BvROS8HjWEkQ7kNvwGMNTyi&_nc_oc=Adp45rxTRCwNYSnmXhThfGwcjcymkC4Nj0btLCV8J-vLtCWybLmxnPcVQktIKsR0vSY&_nc_zt=23&_nc_ht=scontent-lhr11-1.xx&_nc_gid=78IXiRL_mKZNSqkEBbN30w&_nc_ss=7b2a8&oh=00_AQAi8SpbXhqKS_ZZq0ugBgUfazwIPvmzYEruVq2Moyx6pA&oe=6A6B37E6,Pending,3–5,Nicole Grevis-James,2026,"English, Mandarin",,300,3–5
ESF Sha Tin College,,IB Curriculum,New Territories,English Schools Foundation (ESF),Secondary,"Years 7-11: HK$188,300 | Years 12-13: HK$174,200",2026/27,"One-off, sliding by year of entry: HK$38,000 (Yr1) to HK$3,800 (Yr13)",None,"26/27 fee proposed, subject to final Education Bureau approval. Years 12-13 fee is government-subvented.",ESF Sha Tin College is an english schools foundation (esf) situated in the New Territories district of Hong Kong. The school provides secondary education structured around the IB Curriculum curriculum.,https://scontent-lhr11-1.xx.fbcdn.net/v/t39.30808-6/467109565_1001156168691140_7676853301312190949_n.png?stp=dst-png&cstp=mx2659x984&ctp=p720x720&_nc_cat=110&ccb=1-7&_nc_sid=cc71e4&_nc_ohc=SecZJymuulwQ7kNvwFK6VQs&_nc_oc=AdpO2bMsHXpTCwSoptnyujK5G71BfI36cp87KybkPrJAPOWsqSvP08Dr1LVOh9tga9w&_nc_zt=23&_nc_ht=scontent-lhr11-1.xx&_nc_gid=BrupckjwsQ3brTTB6Br6oA&_nc_ss=7b2a8&oh=00_AQBykWmHk0Jjza6cANvkAc7VZNCoME9iw9U4U9zaA1Wvsw&oe=6A6B4F8C,https://scontent-lhr11-1.xx.fbcdn.net/v/t39.30808-1/595433530_1315995497207204_1205486526092873763_n.jpg?stp=dst-jpg_tt6&cstp=mx2048x2048&ctp=s480x480&_nc_cat=100&ccb=1-7&_nc_sid=2d3e12&_nc_ohc=tL7iuIfQkG0Q7kNvwHZsNuH&_nc_oc=Adpq_D_89tKgEuEodXrGCUFsK7mzre3hRPzn-HGDzmzZJ-8hidVDuiLGhyeHwcM-dP4&_nc_zt=24&_nc_ht=scontent-lhr11-1.xx&_nc_gid=BrupckjwsQ3brTTB6Br6oA&_nc_ss=7b2a8&oh=00_AQDm7MbqvQ3-6m9XRekqe0IPnspijQU7STA49Y4-PvnJQg&oe=6A6B411B,Researched (Batch 1),11–18,Carol Larkin,1982,English,,"1,200 - 1,290",11–18
ESF Sha Tin Junior School,,IB Curriculum,New Territories,English Schools Foundation (ESF),Primary,"HK$145,000 (Years 1-6)",2026/27,"One-off, sliding by year of entry: HK$38,000 (Yr1) to HK$3,800 (Yr13)",None,"26/27 fee proposed, subject to final Education Bureau approval.",ESF Sha Tin Junior School is an english schools foundation (esf) situated in the New Territories district of Hong Kong. The school provides primary education following the IB Curriculum framework.,https://scontent-lhr6-1.xx.fbcdn.net/v/t39.30808-6/480247219_1140276051442263_7793734651907794613_n.jpg?stp=dst-jpg_tt6&cstp=mx2010x1335&ctp=s2010x1335&_nc_cat=102&ccb=1-7&_nc_sid=cc71e4&_nc_ohc=CjNd_cXUQAcQ7kNvwGgH8TE&_nc_oc=AdqpHAJphGaefY2x6wVWEv32jPM6KSvuCNekkbpHkJ5WM1XhyDetMycLkRAUGbmv2n0&_nc_zt=23&_nc_ht=scontent-lhr6-1.xx&_nc_gid=dGID88sh0umG3BdedR79rw&_nc_ss=7b2a8&oh=00_AQAZyVDpoEE7vKZzd39FOC9nA4OLvq4kO0fdPw3dJINVkw&oe=6A6B5B66,https://scontent-lhr11-1.xx.fbcdn.net/v/t39.30808-1/300371439_472333848236490_6864891328439632135_n.jpg?stp=dst-jpg_tt6&cstp=mx400x400&ctp=s400x400&_nc_cat=111&ccb=1-7&_nc_sid=2d3e12&_nc_ohc=G_Jtn_-E3RkQ7kNvwEy8vUH&_nc_oc=Adq_6OVFDpsnxud4vnNd7F-U_gW4yU53r9s3woOEwdmt84B18Yz3jJIy5jxFoRPOuB8&_nc_zt=24&_nc_ht=scontent-lhr11-1.xx&_nc_gid=dGID88sh0umG3BdedR79rw&_nc_ss=7b2a8&oh=00_AQCvyU-RRzmKFQhuAYMFUXfqxaXF_SMxKC3DsPB7um8AsQ&oe=6A6B47D8,Researched (Batch 1),5–11,Dr Rehana Shanks,1988,English,,900,5–11
ESF South Island School,,IB Curriculum,Hong Kong Island,English Schools Foundation (ESF),Secondary,"Years 7-11: HK$188,300 | Years 12-13: HK$174,200",2026/27,"One-off, sliding by year of entry: HK$38,000 (Yr1) to HK$3,800 (Yr13)",None,"26/27 fee proposed, subject to final Education Bureau approval. Years 12-13 fee is government-subvented.",ESF South Island School is an english schools foundation (esf) situated in the Hong Kong Island district of Hong Kong. The school provides secondary education structured around the IB Curriculum curriculum.,https://scontent-lhr11-1.xx.fbcdn.net/v/t39.30808-6/474633283_1064152869057486_3119918425636647519_n.jpg?stp=dst-jpg_tt6&cstp=mx2048x1152&ctp=s2048x1152&_nc_cat=104&ccb=1-7&_nc_sid=cc71e4&_nc_ohc=78ZypSI2wDwQ7kNvwHfV3Xy&_nc_oc=AdoIDWd_EMYbKUxVfawbY08zQR8_VwKRFJAA-jq5QQ8j_yjqyQBs5uRwg6aZkjJPEX8&_nc_zt=23&_nc_ht=scontent-lhr11-1.xx&_nc_gid=PBCBzwPISnObZuJauV5HFQ&_nc_ss=7b2a8&oh=00_AQBopv6QxcvvMhYkEfgprLaFq2m5aYw-l2Fs0-5B0XzgJQ&oe=6A6B31A6,https://scontent-lhr11-1.xx.fbcdn.net/v/t39.30808-1/241555374_2327311314067503_3564398664410193724_n.png?stp=dst-png&cstp=mx313x313&ctp=s313x313&_nc_cat=111&ccb=1-7&_nc_sid=2d3e12&_nc_ohc=W3WeUP6VyXYQ7kNvwF-yA1p&_nc_oc=Adrf0sw-Ju2zeibMQYQOFLpxpuh-cv9vsftsYChNtH84efpgxJr_22ehus8RHRwGcDg&_nc_zt=24&_nc_ht=scontent-lhr11-1.xx&_nc_gid=PBCBzwPISnObZuJauV5HFQ&_nc_ss=7b2a8&oh=00_AQBWlQFeAHHIoPxD7POqYynvmecGNYWw4soFJCD_aRdYxQ&oe=6A6B5C7E,Researched (Batch 1),11–18,Helen Thew,1977,English,,1450-1550,11–18
ESF Tsing Yi International Kindergarten,,IB Curriculum,New Territories,English Schools Foundation (ESF),Preschool,"HK$112,800",2026/27,N/A (kindergarten - see Debenture),"Class A (redeemable): HK$500,000 | Class B (phased out in favour of HK$9,000 deposit): HK$7,000","26/27 fee proposed, subject to final Education Bureau approval.",ESF Tsing Yi International Kindergarten is an english schools foundation (esf) situated in the New Territories district of Hong Kong. The school specializes in early childhood and preschool education based on the IB Curriculum curriculum.,https://scontent-lhr11-1.xx.fbcdn.net/v/t39.30808-6/469904080_600319165728526_8690526967241637085_n.jpg?stp=dst-jpg_tt6&cstp=mx2048x1610&ctp=s2048x1610&_nc_cat=111&ccb=1-7&_nc_sid=cc71e4&_nc_ohc=I63Iz2diljQQ7kNvwGyPW8J&_nc_oc=AdrdbR_DbG6ia8I0qKhEUy-D3L4CGymVqgr6KetiTbmU4Fl_2rk3WVfcfZwYuwQVc8Y&_nc_zt=23&_nc_ht=scontent-lhr11-1.xx&_nc_gid=V8BAgUI6T7CxHF44lvIhxQ&_nc_ss=7b2a8&oh=00_AQCrR05isO7B1AD5j8iMhLa4UH7tIogmATZYoCCHck306g&oe=6A6B4C10,https://scontent-lhr11-1.xx.fbcdn.net/v/t39.30808-1/243489866_116496507444130_3984036078780975756_n.png?stp=dst-png&cstp=mx649x649&ctp=s480x480&_nc_cat=104&ccb=1-7&_nc_sid=2d3e12&_nc_ohc=bXEYN3oTf-sQ7kNvwFd0aHG&_nc_oc=AdraWXN7ikWYpSCfWvmWM-UMfTNg8hQHJfsf-zNDaIBUPrHD8uW8RBx59AeGRX1UnPg&_nc_zt=24&_nc_ht=scontent-lhr11-1.xx&_nc_gid=V8BAgUI6T7CxHF44lvIhxQ&_nc_ss=7b2a8&oh=00_AQADecHLPEazYRj472Pd8f8RNLeQbkfIRnuSdEyu0L92NA&oe=6A6B3C26,Researched (Batch 1),3–5,Suzannah Large,1999,English,,396,3–5
ESF West Island School,,IB Curriculum,Hong Kong Island,English Schools Foundation (ESF),Secondary,"Years 7-11: HK$188,300 | Years 12-13: HK$174,200",2026/27,"One-off, sliding by year of entry: HK$38,000 (Yr1) to HK$3,800 (Yr13)",None,"26/27 fee proposed, subject to final Education Bureau approval. Years 12-13 fee is government-subvented.",ESF West Island School is an english schools foundation (esf) situated in the Hong Kong Island district of Hong Kong. The school provides secondary education structured around the IB Curriculum curriculum.,https://scontent-lhr6-2.xx.fbcdn.net/v/t39.30808-6/503816156_1253676166758645_4173779493258293350_n.jpg?stp=dst-jpg_tt6&cstp=mx2563x975&ctp=s2048x2048&_nc_cat=107&ccb=1-7&_nc_sid=cc71e4&_nc_ohc=I45wojievj8Q7kNvwGiF9iH&_nc_oc=AdroJMxTisY5XqfGrYqW3-NQutFjx4XfiN32c56o0RZ3N_Yd0InLDFjvsyNHvRBSVK8&_nc_zt=23&_nc_ht=scontent-lhr6-2.xx&_nc_gid=5KCVq3ASfdWTHp8FTgJrsA&_nc_ss=7b2a8&oh=00_AQAR1ruOvecIUgQ1JLCPT028YAimJlHPdtyMxr92K52DCQ&oe=6A6B318D,https://scontent-lhr11-1.xx.fbcdn.net/v/t39.30808-1/723087071_1582657333860525_9145425438841458819_n.jpg?stp=dst-jpg_tt6&cstp=mx960x960&ctp=s480x480&_nc_cat=104&ccb=1-7&_nc_sid=2d3e12&_nc_ohc=OEi-DVHCVx4Q7kNvwFUjpAm&_nc_oc=AdoGVcFXMizybZgSc4FZysDpIlI8EOgToMvOkkUWEddRX89xuC-4uJmY8dSK3xVmAVs&_nc_zt=24&_nc_ht=scontent-lhr11-1.xx&_nc_gid=5KCVq3ASfdWTHp8FTgJrsA&_nc_ss=7b2a8&oh=00_AQCgjc_AxUtZHPpIlVhlgeZqJHsqPqDpvpREwZtjgrmxTA&oe=6A6B5F2D,Researched (Batch 1),11–18,Vicki Hallatt,1991,"English, Mandarin",,"approx. 1,200",11–18
ESF Wu Kai Sha International Kindergarten,,IB Curriculum,New Territories,"English Schools Foundation (ESF), Kindergarten",Preschool,"HK$117,900",2026/27,N/A (kindergarten - see Debenture),"Class A (redeemable): HK$500,000 | Class B (phased out in favour of HK$9,000 deposit): HK$7,000","26/27 fee proposed, subject to final Education Bureau approval.","ESF Wu Kai Sha International Kindergarten is an english schools foundation (esf), kindergarten situated in the New Territories district of Hong Kong. The school specializes in early childhood and preschool education based on the IB Curriculum curriculum.",https://scontent-lhr11-1.xx.fbcdn.net/v/t51.75761-15/483637643_17968643246848080_6528743117938889098_n.jpg?stp=dst-jpg_tt6&cstp=mx1440x1800&ctp=s1440x1800&_nc_cat=111&ccb=1-7&_nc_sid=127cfc&_nc_ohc=PyvSfcDd9cQQ7kNvwFcyrpc&_nc_oc=AdppYmmX8Dy8qxCmUf_oiLpeElDkoOjvHkcKlWcSGOY1y3F5GGLmvlwNdG5VJjhzc7g&_nc_zt=23&_nc_ht=scontent-lhr11-1.xx&_nc_gid=zgP0fiMtpP2YdguvIRsm6Q&_nc_ss=7b2a8&oh=00_AQCccPjKQMgvE1FAexgnW3Jn10ePyt-CAapOzpjI1Y1oSQ&oe=6A6B3389,https://scontent-lhr11-1.xx.fbcdn.net/v/t39.30808-1/723087071_1582657333860525_9145425438841458819_n.jpg?stp=dst-jpg_tt6&cstp=mx960x960&ctp=s480x480&_nc_cat=104&ccb=1-7&_nc_sid=2d3e12&_nc_ohc=OEi-DVHCVx4Q7kNvwFUjpAm&_nc_oc=AdoGVcFXMizybZgSc4FZysDpIlI8EOgToMvOkkUWEddRX89xuC-4uJmY8dSK3xVmAVs&_nc_zt=24&_nc_ht=scontent-lhr11-1.xx&_nc_gid=5KCVq3ASfdWTHp8FTgJrsA&_nc_ss=7b2a8&oh=00_AQCgjc_AxUtZHPpIlVhlgeZqJHsqPqDpvpREwZtjgrmxTA&oe=6A6B5F2D,Researched (Batch 1),3–5,Aylin Kip,2009,English,,336,3–5
Fairchild Canadian Academy,draft,Reggio Emilia,Hong Kong Island,Kindergarten,Preschool,,,,,Not yet researched,Fairchild Canadian Academy is a kindergarten institution situated in the Hong Kong Island district of Hong Kong. The school specializes in early childhood and preschool education based on the Reggio Emilia curriculum.,,https://www.fairchild.academy/images/portal_logo.jpg,Pending,,,,,,,
Forest House Waldorf School,draft,Waldorf,New Territories,Private School,Primary,,,,,Not yet researched,Forest House Waldorf School is a private school situated in the New Territories district of Hong Kong. The school provides primary education following the Waldorf framework.,,,Pending,,,,,,,
French International School of Hong Kong (FIS) (International Stream),,French Curriculum,Hong Kong Island,International School,"Preschool, Primary, Secondary","HK$147,640-219,812 (26/27)",2026/27,None stated separately from the debenture,"Refundable Private Debenture: HK$120,000 | Refundable Corporate Debenture: HK$250,000 (plus a non-refundable HK$5,000 admin fee)","Application fee HK$2,200 per stream plus HK$1,000 assessment fee per stream.","French International School of Hong Kong (FIS) (International Stream) is an international school situated in the Hong Kong Island district of Hong Kong. It provides education spanning early years through secondary levels, following the French Curriculum framework.","https://static.wixstatic.com/media/fecce6_e4510be062d94fe88d9e135795ab60af%7Emv2.png/v1/fit/w_2500,h_1330,al_c/fecce6_e4510be062d94fe88d9e135795ab60af%7Emv2.png","https://static.wixstatic.com/media/fecce6_b5ddd0a6d1174fe8914bda78e06dfd6a~mv2.png/v1/fill/w_105,h_116,al_c,q_85,usm_0.66_1.00_0.01,enc_avif,quality_auto/bilingual_logo_red_bar-01.png",Researched (Batch 2),3–18,Bertrand Ferret,1963,"English, French",,"2,700",3–18
Funful Kindergarten & Children's Corner,draft,School-Based / Play-Based,Kowloon,Kindergarten,Preschool,,,,,Not yet researched,Funful Kindergarten & Children's Corner is a kindergarten institution situated in the Kowloon district of Hong Kong. The school specializes in early childhood and preschool education based on the School-Based / Play-Based curriculum.,,,Pending,,,,,,,
Galilee International School- Kindergarten & Nursery,draft,IB Curriculum,Kowloon,Kindergarten,Preschool,,,,,Not yet researched,Galilee International School- Kindergarten & Nursery is a kindergarten institution situated in the Kowloon district of Hong Kong. The school specializes in early childhood and preschool education based on the IB Curriculum curriculum.,,,Pending,,,,,,,
Garden House Pre-School & Kindergarten,draft,Waldorf,New Territories,Kindergarten,"Preschool, Primary",,,,,Not yet researched,"Garden House Pre-School & Kindergarten is a kindergarten institution situated in the New Territories district of Hong Kong. It provides education spanning early years through secondary levels, following the Waldorf framework.","https://static.wixstatic.com/media/6b7fa7_c40245c52fbc4fa5b0be91cd66ecdea6~mv2.png/v1/fill/w_2500,h_1052,al_c/6b7fa7_c40245c52fbc4fa5b0be91cd66ecdea6~mv2.png","https://static.wixstatic.com/media/6b7fa7_c40245c52fbc4fa5b0be91cd66ecdea6~mv2.png/v1/fill/w_49,h_21,al_c,q_85,usm_0.66_1.00_0.01,blur_2,enc_avif,quality_auto/GH_Logo_Horizontal_Finalised.png",Pending,,,,,,,
German Swiss International School (International Stream) (GSIS),,IB Curriculum,Hong Kong Island,International School,"Preschool, Primary, Secondary","HK$203,700-256,700 (26/27)",2026/27,Available as an alternative to a debenture for selected applicants/year groups - confirm current amount with school,"Standard Debenture: HK$800,000; a higher 'Infrastructure' tier reported at approx. HK$6,000,000 in secondary-market commentary - confirm current tiers with school",,"German Swiss International School (International Stream) (GSIS) is an international school situated in the Hong Kong Island district of Hong Kong. It provides education spanning early years through secondary levels, following the IB Curriculum framework.",https://scontent-lhr11-1.xx.fbcdn.net/v/t39.30808-6/490744326_1212391237564088_6446804360357359798_n.jpg?stp=dst-jpg_tt6&cstp=mx2048x1365&ctp=s2048x1365&_nc_cat=104&ccb=1-7&_nc_sid=cc71e4&_nc_ohc=WbhNWwkMT9gQ7kNvwExcjVk&_nc_oc=Adr3ySJYcFFH_XaNnZyUt3C5daQ3iFD2O69U1f4RH7Kq4-XEnX6LNHwkqpTSgkCdagI&_nc_zt=23&_nc_ht=scontent-lhr11-1.xx&_nc_gid=sWMDCmXb6b1PbvYKHSyC0A&_nc_ss=7b2a8&oh=00_AQD7kqKmuSfibrh4ISF8KFPw4ZzAePvUBhcIgQZdoCRgAw&oe=6A6B4160,https://scontent-lhr6-1.xx.fbcdn.net/v/t39.30808-1/292460990_5274345305953731_7694147857587550335_n.jpg?stp=dst-jpg_tt6&cstp=mx1200x1200&ctp=s480x480&_nc_cat=102&ccb=1-7&_nc_sid=2d3e12&_nc_ohc=Hjq3WNHY3lYQ7kNvwFhRRmu&_nc_oc=Adq3V_0vxzgNu9cLLXdSh7IDnTk5bxZaXXOZ5h_WGccK9GNNyX89_mUwNrhantZg988&_nc_zt=24&_nc_ht=scontent-lhr6-1.xx&_nc_gid=sWMDCmXb6b1PbvYKHSyC0A&_nc_ss=7b2a8&oh=00_AQCbwU9wu3IMf2RPBvKF-byW_HaHHOyeLAaVPyF_MvuR8Q&oe=6A6B4BC8,"Researched (Batch 1, refined Batch 2)",3–18,Alexandra Freigang-Krause,1969,"German, English, Mandarin, Latin, French",,"circa 1,250",3–18
Gigamind English Pre School & Primary School,draft,UK Curriculum,New Territories,Private School,"Preschool, Primary",,,,,Not yet researched,"Gigamind English Pre School & Primary School is a private school situated in the New Territories district of Hong Kong. It provides education spanning early years through secondary levels, following the UK Curriculum framework.",,,Pending,,,,,,,
Grace Garden International Nursery and Kindergarten,draft,UK Curriculum,Hong Kong Island,Kindergarten,Preschool,,,,,Not yet researched,Grace Garden International Nursery and Kindergarten is a kindergarten institution situated in the Hong Kong Island district of Hong Kong. The school specializes in early childhood and preschool education based on the UK Curriculum curriculum.,https://www.gracegarden.edu.hk/wp-content/uploads/2025/09/WhatsApp-图像2025-09-05于13.22.43_84b733d0.jpg,https://www.gracegarden.edu.hk/theme-assets/assets/images/logo.png,Pending,,,,,,,
Guidepost Montessori,,Montessori,New Territories,Private School,Preschool,,,,,Not yet researched,Guidepost Montessori is a private school situated in the New Territories district of Hong Kong. The school specializes in early childhood and preschool education based on the Montessori curriculum.,https://scontent-lhr11-1.xx.fbcdn.net/v/t39.30808-6/485145591_1059468649534677_6795099280064533404_n.jpg?stp=dst-jpg_tt6&cstp=mx2048x1365&ctp=s2048x1365&_nc_cat=104&ccb=1-7&_nc_sid=cc71e4&_nc_ohc=EYwFzJ74UcQQ7kNvwFEFPYo&_nc_oc=AdqUdJQa_gBqVC25JS3GY9bkUu8JSibP4TmIp9r9xCja7U8_YcWUa0e_wzbSayoW1v0&_nc_zt=23&_nc_ht=scontent-lhr11-1.xx&_nc_gid=l10F70pb_a8LVq98Xg9mlQ&_nc_ss=7b2a8&oh=00_AQDYCU5g7DC7A_wEB8-93fBgWtBeHKl4Pj8-OeXbY5N0Ug&oe=6A6B622E,https://scontent-lhr11-1.xx.fbcdn.net/v/t39.30808-1/254552768_422851386130081_5620852455082124614_n.png?stp=dst-png&cstp=mx921x922&ctp=s480x480&_nc_cat=104&ccb=1-7&_nc_sid=2d3e12&_nc_ohc=Z3tt0ynfX-cQ7kNvwF_Fl71&_nc_oc=AdoYknH0fJnNSAKyDuOffxOLGCbLQrzlW--MZVjrbEAKPpnkEU2JI7Wl0sCdAtXN45k&_nc_zt=24&_nc_ht=scontent-lhr11-1.xx&_nc_gid=l10F70pb_a8LVq98Xg9mlQ&_nc_ss=7b2a8&oh=00_AQDhqBMUAHjly3-Rne7zPaLZ3DirL_CPuuVqcwttl6eUBg&oe=6A6B5C0F,Pending,0–12,,2020,"English, Mandarin",,,0–12
Han Academy,,Chinese / Bilingual Curriculum,Hong Kong Island,Private School,"Primary, Secondary","Primary (Y1-Y6): HK$198,000 | Secondary (Y7-Y11): HK$208,000 | A-Level/IBDP (Y12-Y13): HK$218,000",2025/26,Not publicly itemised in sources reviewed,Not publicly itemised in sources reviewed,,Han Academy is a private school situated in the Hong Kong Island district of Hong Kong. It offers primary and secondary academic programs structured around the Chinese / Bilingual Curriculum.,https://cdn.prod.website-files.com/611fd96ad572cb7c37a31ade/6a3b8cd382fc978417e88d78_20260612%E7%AC%AC%E4%B8%83%E5%B1%86%E7%95%A2%E6%A5%AD%E5%85%B8%E7%A6%AE%E6%9A%A8%E5%AD%B8%E6%9C%9F%E6%9C%AB%E9%A0%92%E7%8D%8E%E5%85%B8%E7%A6%AE.jpeg,https://cdn.prod.website-files.com/611e55c8461d27447ac996eb/611f9bf3bcdcbfb06c0a6519_Asset%201.png,Researched (Batch 2),5–18,Shirley Su,2017,"English, Mandarin",,approx. 70-100,5–18
Harrow International School Hong Kong,,UK Curriculum,New Territories,International School,"Preschool, Primary, Secondary","HK$175,812-239,070 (2025/26; 26/27 fees not yet published)",2025/26,"Annual Capital Levy: HK$60,000/year - the highest confirmed annual levy among schools reviewed","Individual Debentures / Capital Certificates: HK$600,000 face value (fully subscribed - no new issuance); secondary-market resale reported around HK$3,300,000",,"Harrow International School Hong Kong is an international school situated in the New Territories district of Hong Kong. It provides education spanning early years through secondary levels, following the UK Curriculum framework.",https://scontent-lhr11-1.xx.fbcdn.net/v/t39.30808-6/520541749_1196885872456187_4918696282225593240_n.jpg?stp=dst-jpg_tt6&cstp=mx2048x1407&ctp=s2048x1407&_nc_cat=101&ccb=1-7&_nc_sid=cc71e4&_nc_ohc=UuJwPl3HJukQ7kNvwEa5PV0&_nc_oc=AdrCTbqsUwZK_98mPLsPH2JWieUQhG8PveSpXkf8B8n1X6aYPgftoZ_BVA8KX9j3Onc&_nc_zt=23&_nc_ht=scontent-lhr11-1.xx&_nc_gid=np7lW0vnL6-EHLoVs3BlcA&_nc_ss=7b2a8&oh=00_AQD7yNP5e738HYPeoVmNi5pMjL2PA0TUf3ButriXhLDxmw&oe=6A6B5A2F,https://www.harrowhongkong.hk/wp-content/uploads/2024/10/cropped-Website-Logo_new.png,"Researched (Batch 1, refined Batch 2)",3–18,Rosie McColl,2012,English,,"1,650",3–18
Highgate House School,draft,Waldorf,Hong Kong Island,Kindergarten,Preschool,,,,,Not yet researched,Highgate House School is a kindergarten institution situated in the Hong Kong Island district of Hong Kong. The school specializes in early childhood and preschool education based on the Waldorf curriculum.,https://www.highgatehouse.edu.hk/wp-content/uploads/2021/01/Highgate-House-School-OG-1200x627-1.png,https://www.highgatehouse.edu.hk/wp-content/uploads/2016/01/hgh-logo-280x67px-color.png,Pending,,,,,,,
HKCA Po Leung Kuk School,,IB Curriculum,Hong Kong Island,International School,"Preschool, Primary",,,,,Not yet researched,"HKCA Po Leung Kuk School is an international school situated in the Hong Kong Island district of Hong Kong. It provides education spanning early years through secondary levels, following the IB Curriculum framework.",https://scontent-lhr6-1.xx.fbcdn.net/v/t39.30808-6/481704255_1028475599302228_4041442062015149416_n.jpg?stp=dst-jpg_tt6&cstp=mx2048x1536&ctp=s2048x1536&_nc_cat=102&ccb=1-7&_nc_sid=cc71e4&_nc_ohc=2Tc0ykbcjy0Q7kNvwG6gxnd&_nc_oc=Adp0wjLebXNeao-qrej4h9lhWAZK6e5U_hat-5385yLYVwoqXbNDswVneMT-W-mXaGY&_nc_zt=23&_nc_ht=scontent-lhr6-1.xx&_nc_gid=nwybiX3v8N5DdbgVWDKIog&_nc_ss=7b2a8&oh=00_AQAsxF3UkotDi2kSFEz9RWG_plqo2LypxHDby4NL1-OJ-g&oe=6A6B3DF1,https://scontent-lhr6-1.xx.fbcdn.net/v/t39.30808-1/298957687_427242282758899_5504899910057470830_n.png?stp=dst-png&cstp=mx322x322&ctp=s322x322&_nc_cat=109&ccb=1-7&_nc_sid=2d3e12&_nc_ohc=5tR6_54PlxgQ7kNvwGEDhRa&_nc_oc=AdobHBnrHsR5dnv8oVIi6_V1KhWM7I8KNdHgi-i3NXHZNCgtY1_mFfgf2kkC3N_Ik1g&_nc_zt=24&_nc_ht=scontent-lhr6-1.xx&_nc_gid=nwybiX3v8N5DdbgVWDKIog&_nc_ss=7b2a8&oh=00_AQCbtOSqL-PbhTquBIg8gRp1Pfq4BZZsnO9b22jU5ca8aw&oe=6A6B4BCD,Pending,3–12,Jessica Man,2017,"English, Mandarin",,300,3–12
Hong Kong (Ascot) Pre-School and Playschool,draft,Montessori,New Territories,Kindergarten,Preschool,,,,,Not yet researched,Hong Kong (Ascot) Pre-School and Playschool is a kindergarten institution situated in the New Territories district of Hong Kong. The school specializes in early childhood and preschool education based on the Montessori curriculum.,,,Pending,,,,,,,
Hong Kong Academy (HKA),,IB Curriculum,New Territories,International School,"Preschool, Primary, Secondary","HK$119,000-273,900 (26/27)",2026/27,"HK$32,000/year for students not covered by a debenture","Family Debenture: HK$630,000 (exempts one student from the annual levy; resellable when the family leaves)","Application fee HK$1,500 (Pre-K) or HK$3,000 (K-G12); one-off entrance fee HK$25,000 (1st child)/HK$12,500 (additional children).","Hong Kong Academy (HKA) is an international school situated in the New Territories district of Hong Kong. It provides education spanning early years through secondary levels, following the IB Curriculum framework.",https://scontent-lhr6-1.xx.fbcdn.net/v/t39.30808-6/485622089_1047841227364462_5327914724118223922_n.jpg?stp=dst-jpg_tt6&cstp=mx2048x1365&ctp=s2048x1365&_nc_cat=103&ccb=1-7&_nc_sid=cc71e4&_nc_ohc=pdeLBDAkhUoQ7kNvwFi_aIt&_nc_oc=AdoPZMKfbKwwtitzGJInLSOh1u5-FkwpFkxA9DYT9dz4G67sB7D5VwH_yjIcBaYC12k&_nc_zt=23&_nc_ht=scontent-lhr6-1.xx&_nc_gid=2GjXgVdHWCgFEeN5NNdH_Q&_nc_ss=7b2a8&oh=00_AQAq3hjhzyPWCdHqA2fYeAsPmlbXT24SwPJVg_W4ODOz8g&oe=6A6B351D,https://scontent-lhr11-1.xx.fbcdn.net/v/t39.30808-1/294789035_417439333737991_3878753057527665905_n.jpg?stp=dst-jpg_tt6&cstp=mx600x600&ctp=s480x480&_nc_cat=100&ccb=1-7&_nc_sid=2d3e12&_nc_ohc=NveoN8DhkZUQ7kNvwF_bo69&_nc_oc=Adpjo5vFoIJJpZFNG3GWOOSBv-EKOYtBYgc3RGhKoO361_eO9iPJRL8JrpxpSuHL0BY&_nc_zt=24&_nc_ht=scontent-lhr11-1.xx&_nc_gid=2GjXgVdHWCgFEeN5NNdH_Q&_nc_ss=7b2a8&oh=00_AQBWkPKOFK5lKdkxDqKkVRmMaSl4TxaNehU2rN7s-BdxLg&oe=6A6B605B,Researched (Batch 2),3–18,Kasson Bratton,2000,"English, Putonghua",,600 - 700,3–18
Hong Kong Adventist Academy,,US Curriculum,New Territories,Private School,"Primary, Secondary","Primary: approx. HK$103,500/year (HK$10,350 x 10 months) | Secondary: approx. HK$123,000/year (HK$12,300 x 10 months)",2025/26,Not publicly itemised in sources reviewed,"Not publicly itemised in sources reviewed - school is Seventh-day Adventist-affiliated, non-profit","Application fee HK$1,200.",Hong Kong Adventist Academy is a private school situated in the New Territories district of Hong Kong. It offers primary and secondary academic programs structured around the US Curriculum.,https://scontent-lhr11-1.xx.fbcdn.net/v/t39.30808-6/481271632_1118653963605399_74843309333929006_n.jpg?stp=dst-jpg_tt6&cstp=mx2048x1152&ctp=s2048x1152&_nc_cat=106&ccb=1-7&_nc_sid=cc71e4&_nc_ohc=F5bTd1V-m50Q7kNvwHqVkGx&_nc_oc=AdqQ29G6TzCbJCrhfCCpLysaH8lje7ZYmGB8Ul0BDfQ0QvTKoioepnaI0ceysZ1wm4A&_nc_zt=23&_nc_ht=scontent-lhr11-1.xx&_nc_gid=EISwn2luvJoNVLtTeEGVww&_nc_ss=7b2a8&oh=00_AQDVy3xXz4mDnKfGkIxPiKS8MuAJ8bdOBIjvgW_6lSNGXg&oe=6A6B3280,"https://static.wixstatic.com/media/6b565b_d9cd142074c048fdb77f6175ee4e2287%7Emv2_d_2291_2292_s_2.jpg/v1/fit/w_2500,h_1330,al_c/6b565b_d9cd142074c048fdb77f6175ee4e2287%7Emv2_d_2291_2292_s_2.jpg",Researched (Batch 2),6–18,Olamide Aderonke Hall,2011,"English, Putonghua",,approx. 200,6–18
Hong Kong International School (HKIS),,US Curriculum,Hong Kong Island,International School,"Preschool, Primary, Secondary","Reception 1-Grade 5: HK$231,600 | Grades 6-8: HK$244,500 | Grades 9-12: HK$258,550",2026/27,"Annual Capital Levy: HK$24,500/year (payable by all students not covered by a debenture)","Family Debenture: HK$3,000,000 | Standard Corporate Debenture: HK$3,000,000 (no secondary market; 15-year hold, redeemable at par)","Entry Fee of HK$15,000 (one-off, non-refundable) also applies to new students.","Hong Kong International School (HKIS) is an international school situated in the Hong Kong Island district of Hong Kong. It provides education spanning early years through secondary levels, following the US Curriculum framework.",https://www.hkis.edu.hk/userfiles/hkismvc/homepage/01-hkis-grow/10-compassion-classroom-bg.jpg?command_1=resize&width_1=1200,https://www.hkis.edu.hk/Images/assets/logo-primary.svg,Researched (Batch 1),4–18,Dr. Ron Roukema,1966,"English, Chinese",,"over 3,000",4–18
Independent Schools Foundation Academy 弘立書院 (ISF),,IB Curriculum,Hong Kong Island,Private Independent School (PIS),"Primary, Secondary","HK$240,320-303,530 (2025/26 per school's own fee schedule) - one third-party tracker cites a 26/27 top band of HK$317,190; confirm current year figure with school",2025/26,"Annual Capital Levy: HK$40,000/year","Capital Notes available via secondary market: approx. HK$4,400,000; exempts holder from annual capital levy",Second-highest published tuition in this dataset.,Independent Schools Foundation Academy 弘立書院 (ISF) is a private independent school (pis) situated in the Hong Kong Island district of Hong Kong. It offers primary and secondary academic programs structured around the IB Curriculum.,https://scontent-lhr6-1.xx.fbcdn.net/v/t39.30808-6/313440031_178740694816652_3008365322677937564_n.png?stp=dst-png&cstp=mx822x360&ctp=s822x360&_nc_cat=102&ccb=1-7&_nc_sid=cc71e4&_nc_ohc=Vejsou2tJxwQ7kNvwF2qBc3&_nc_oc=AdrxNAtcmFnI2st9EukuOc6OGMvq61HoMQTlYvPs8RQIo-467AgVweTlJW1FICpiWJg&_nc_zt=23&_nc_ht=scontent-lhr6-1.xx&_nc_gid=0ga8SyyU94CumJIzSXB-Gw&_nc_ss=7b2a8&oh=00_AQDpQIimxpMNGHpjRBbYXJdDswffarpUY9QpOy_ZNcjCHw&oe=6A6B35E9,https://scontent-lhr11-1.xx.fbcdn.net/v/t39.30808-1/297757727_116155764514224_384150451846921706_n.jpg?stp=dst-jpg_tt6&cstp=mx600x600&ctp=s480x480&_nc_cat=110&ccb=1-7&_nc_sid=2d3e12&_nc_ohc=t6o9SKUGF6kQ7kNvwGyuSmG&_nc_oc=AdrjwJKVny6xCj_QyC-4lWru1LpQo_1Gn7o8bKeJd7p716doyRfMnVBL8kXd-FEASGA&_nc_zt=24&_nc_ht=scontent-lhr11-1.xx&_nc_gid=0ga8SyyU94CumJIzSXB-Gw&_nc_ss=7b2a8&oh=00_AQBxYDlr8tQDaw1S2YXnMXWcRocikXugGN3E6LBrdxEkcA&oe=6A6B44D2,"Researched (Batch 1, refined Batch 2)",5–17,Dr. Malcolm Pritchard,2003,"English, Putonghua",,"2,000+",5–17
Independent Schools Foundation Preschool (ISF),,UK Curriculum,Hong Kong Island,Kindergarten,Preschool,,,,,Not yet researched,Independent Schools Foundation Preschool (ISF) is a kindergarten institution situated in the Hong Kong Island district of Hong Kong. The school specializes in early childhood and preschool education based on the UK Curriculum curriculum.,,https://scontent-lhr11-1.xx.fbcdn.net/v/t39.30808-1/297757727_116155764514224_384150451846921706_n.jpg?stp=dst-jpg_tt6&cstp=mx600x600&ctp=s480x480&_nc_cat=110&ccb=1-7&_nc_sid=2d3e12&_nc_ohc=t6o9SKUGF6kQ7kNvwGyuSmG&_nc_oc=AdrjwJKVny6xCj_QyC-4lWru1LpQo_1Gn7o8bKeJd7p716doyRfMnVBL8kXd-FEASGA&_nc_zt=24&_nc_ht=scontent-lhr11-1.xx&_nc_gid=0ga8SyyU94CumJIzSXB-Gw&_nc_ss=7b2a8&oh=00_AQBxYDlr8tQDaw1S2YXnMXWcRocikXugGN3E6LBrdxEkcA&oe=6A6B44D2,Pending,2-5,Tammy Tam,,"English, Chinese",,,2-5
International Christian School,,US Curriculum,New Territories,Private Independent School (PIS),"Preschool, Primary, Secondary","HK$96,400-212,500",2026/27,Not publicly itemised in current sources reviewed,"Historically required a debenture (reported at approx. HK$250,000 in past guides) - confirm current requirement with school",,"International Christian School is a private independent school (pis) situated in the New Territories district of Hong Kong. It provides education spanning early years through secondary levels, following the US Curriculum framework.",https://scontent-lhr11-1.xx.fbcdn.net/v/t39.30808-6/474738529_1069558381849360_1085521053405935145_n.jpg?stp=dst-jpg_tt6&cstp=mx1920x1080&ctp=s1920x1080&_nc_cat=111&ccb=1-7&_nc_sid=cc71e4&_nc_ohc=DngdhPA9r68Q7kNvwGIdHzs&_nc_oc=AdrUOks4rSiJD1wN627UwDDZWSV9gXcVbd5NVh8geCXLN9hHz6XPtX846vFOrS3hTOI&_nc_zt=23&_nc_ht=scontent-lhr11-1.xx&_nc_gid=ZvXhHXbmvvA_m0DKPiHqow&_nc_ss=7b2a8&oh=00_AQDnC3K9_RNqZ_fwK5pq4dsUHw_R2TwXwo1kKyF2iK-mVw&oe=6A6B3B2E,https://scontent-lhr11-1.xx.fbcdn.net/v/t39.30808-1/291878192_425088766296328_7632599690213468256_n.jpg?stp=dst-jpg_tt6&cstp=mx652x652&ctp=s480x480&_nc_cat=104&ccb=1-7&_nc_sid=2d3e12&_nc_ohc=J6JF7mk-c-oQ7kNvwENm75z&_nc_oc=AdrEbQnFuKxsEnm98uM51oPguk-TnYmCjLkC0GqT3IF2l3yx4gj4OKNygCWtHGrQ2pU&_nc_zt=24&_nc_ht=scontent-lhr11-1.xx&_nc_gid=ZvXhHXbmvvA_m0DKPiHqow&_nc_ss=7b2a8&oh=00_AQDNWnzf_vA90gp06wOcqZuzqzZ5SU1MUDRrfJKGAzyimw&oe=6A6B4B36,Researched (Batch 2),5–18,Nick Seward,1992,"English, Putonghua",,"1,100 - 1,200",5–18
International College Hong Kong,,IB Curriculum,New Territories,International School,"Preschool, Primary, Secondary","ICHK Hong Lok Yuen: HK$25,170-145,110 | ICHK Secondary: HK$190,000-211,000 (26/27)",2026/27,"ICHK Hong Lok Yuen: one-off HK$75,000 capital levy plus HK$20,500 annual levy | ICHK Secondary: non-refundable capital fee of approx. HK$100,000 (payable in instalments) for new students",None,"Application fees vary by campus: HK$1,850 + HK$800 assessment (Hong Lok Yuen) or HK$205 + HK$2,000 place-confirmation fee (Secondary).","International College Hong Kong is an international school situated in the New Territories district of Hong Kong. It provides education spanning early years through secondary levels, following the IB Curriculum framework.",https://scontent-lhr6-1.xx.fbcdn.net/v/t39.30808-6/475870270_595060116664439_9125050072629003958_n.jpg?stp=dst-jpg_tt6&cstp=mx2048x1365&ctp=s2048x1365&_nc_cat=108&ccb=1-7&_nc_sid=cc71e4&_nc_ohc=lgi1H2S3VFYQ7kNvwHiJgHW&_nc_oc=Adp42fs9cBzEN1gWYbH7y30dq_vEYsZXtAzBWj17oZBVpooGkEZNyRMy8R4QGwf8Jlg&_nc_zt=23&_nc_ht=scontent-lhr6-1.xx&_nc_gid=UareLwoUMGzxnpllwxORSw&_nc_ss=7b2a8&oh=00_AQBaRLlh2AISqvdwow-GzxeQvC3fwdl7vmak12fbVJO5OQ&oe=6A6B638D,https://www.ichk.edu.hk/assets/ICHK-Sec-Logo-W.svg,Researched (Batch 2),11–18,Sean McDermott,2009,"English, Putonghua, Spanish, Japanese",,500 - 600,11–18
International Montessori School,,Montessori,Hong Kong Island,International School,"Preschool, Primary","HK$143,000-238,100 (2025/26; 26/27 not yet published)",2025/26,Required unless covered by another eligible contribution option - current amount provided on request,"Personal Nomination Right, Capital Note and other contribution options available - prices provided on request","Application fee HK$2,000 (incl. assessment).","International Montessori School is an international school situated in the Hong Kong Island district of Hong Kong. It provides education spanning early years through secondary levels, following the Montessori framework.",https://scontent-lhr11-1.xx.fbcdn.net/v/t39.30808-6/482242273_1033566628790604_4574919787925936592_n.jpg?stp=dst-jpg_tt6&cstp=mx2048x1424&ctp=s2048x1424&_nc_cat=104&ccb=1-7&_nc_sid=cc71e4&_nc_ohc=i6xhGxu44F4Q7kNvwFY7F6j&_nc_oc=AdqN-DdbW2N-riLV7AyWs2xMO1Rkg-jNIaegm8MPtPvdaBuda78bg7cfQv5U9-75uwM&_nc_zt=23&_nc_ht=scontent-lhr11-1.xx&_nc_gid=PWV4idAQ4FNWNwDpPZyD7Q&_nc_ss=7b2a8&oh=00_AQBELvWtkeSqM_zMVbX9uki8CfdGhsJYEC5cbNQKV7awvQ&oe=6A6B3757,https://scontent-lhr6-2.xx.fbcdn.net/v/t39.30808-6/294201813_413428690804404_7693083752442052690_n.jpg?stp=dst-jpg_tt6&cstp=mx2048x2048&ctp=s2048x2048&_nc_cat=107&ccb=1-7&_nc_sid=a5f93a&_nc_ohc=1PFzZ3KWlRUQ7kNvwFvSIGU&_nc_oc=Ado65eMwTuOkXN8NLnnbkAKOPNoJXtK7EGRSFS1cHbZk6cNkiNFErgvESVwpFgxpTgc&_nc_zt=23&_nc_ht=scontent-lhr6-2.xx&_nc_gid=HXX0B7TBkjis-KmS2jA4Ig&_nc_ss=7b2a8&oh=00_AQAT3d9qYYPnnYwb_3mhDPhBmU89-TxJieqUIZqqGA8_TA&oe=6A6B43C0,Researched (Batch 2),1–14,Dr. Timothy Veale,2002,"English, Putonghua",,400 - 500,1–14
Invictus School Hong Kong,,UK Curriculum,New Territories,Private School,"Preschool, Primary, Secondary",,,,,Not yet researched,"Invictus School Hong Kong is a private school situated in the New Territories district of Hong Kong. It provides education spanning early years through secondary levels, following the UK Curriculum framework.",https://scontent-lhr6-1.xx.fbcdn.net/v/t39.30808-6/437951514_936418888486778_3212168648593256122_n.png?stp=dst-png&cstp=mx1773x657&ctp=s1773x657&_nc_cat=103&ccb=1-7&_nc_sid=cc71e4&_nc_ohc=PdRiLcnnIFQQ7kNvwHrtOOF&_nc_oc=AdoJrev5H8l27Xs3Z6Vay911SOSjRjRORrVpwWNigCdalHwfVyI0FeXmTZbmWGVp9gk&_nc_zt=23&_nc_ht=scontent-lhr6-1.xx&_nc_gid=p4AH-h6z3m7AGhvckOFzmg&_nc_ss=7b2a8&oh=00_AQAvO2Ea_VVT1P8pN3of8R4T1zNYuf09VFx5t4KQyX_xGA&oe=6A6B4A01,https://scontent-lhr11-1.xx.fbcdn.net/v/t39.30808-1/291145953_458670156261656_6779716491431992262_n.png?stp=dst-png&cstp=mx389x389&ctp=s389x389&_nc_cat=111&ccb=1-7&_nc_sid=2d3e12&_nc_ohc=eSyhFcIBzCIQ7kNvwE760ms&_nc_oc=AdqavPFktjRE41vMEHLpks9Q3kYHEvijRp3KxBv5824QJoMYf26j6gjrY_ckuWD-JMo&_nc_zt=24&_nc_ht=scontent-lhr11-1.xx&_nc_gid=p4AH-h6z3m7AGhvckOFzmg&_nc_ss=7b2a8&oh=00_AQDlPSOIVPENddOUQTnCCiiLwiYFBthL-T5cIeYFClHsOg&oe=6A6B4568,Pending,3–18,Julia Woo,2019,"English, Mandarin",,approx. 450,3–18
Island Children's Montessori International Nursery and Kindergarten,draft,Montessori,Hong Kong Island,Kindergarten,Preschool,,,,,Not yet researched,Island Children's Montessori International Nursery and Kindergarten is a kindergarten institution situated in the Hong Kong Island district of Hong Kong. The school specializes in early childhood and preschool education based on the Montessori curriculum.,,,Pending,,,,,,,
Island Waldorf School,draft,Waldorf,Hong Kong Island,Private School,"Preschool, Primary",,,,,Not yet researched,"Island Waldorf School is a private school situated in the Hong Kong Island district of Hong Kong. It provides education spanning early years through secondary levels, following the Waldorf framework.",,,Pending,,,,,,,
Japanese International School,,IB Curriculum,New Territories,International School,Primary,"HK$140,460 (English Section)",2026/27,Not publicly itemised in sources reviewed,Not publicly itemised in sources reviewed,,Japanese International School is an international school situated in the New Territories district of Hong Kong. The school provides primary education following the IB Curriculum framework.,https://scontent-lhr6-2.xx.fbcdn.net/v/t39.30808-6/470219047_1120167929814690_9065627103172800015_n.jpg?stp=dst-jpg_tt6&cstp=mx2048x1365&ctp=s2048x1365&_nc_cat=107&ccb=1-7&_nc_sid=cc71e4&_nc_ohc=rmg-Jf7qVe4Q7kNvwEEKY76&_nc_oc=AdqkxvU9JMiSd8Xw4sz8ct8QtxIP75s003xlSwqBHAVKbRggFRlC4F62WXInQ4wVss0&_nc_zt=23&_nc_ht=scontent-lhr6-2.xx&_nc_gid=MfuJRwUuNJ_pvHYuhUmz_A&_nc_ss=7b2a8&oh=00_AQAmsWd3f_2aDJpzwcFGQHXYVnXkUORwd7De6XbwU7Kt-A&oe=6A6B44B9,https://scontent-lhr11-1.xx.fbcdn.net/v/t39.30808-1/448224579_997774605387357_5146926291789321876_n.jpg?stp=c0.17.1559.1559a_dst-jpg_tt6&cstp=mx1559x1559&ctp=s480x480&_nc_cat=101&ccb=1-7&_nc_sid=2d3e12&_nc_ohc=D4TgunWWzokQ7kNvwHotyMT&_nc_oc=AdomE8JLf89x0qOFDGMtj2BYkFFfcxdq3vhO_nDNkz9IXS-zh3-JajquFNWSAC8IENY&_nc_zt=24&_nc_ht=scontent-lhr11-1.xx&_nc_gid=MfuJRwUuNJ_pvHYuhUmz_A&_nc_ss=7b2a8&oh=00_AQCMKQqfiuACOt6U9xjTQD-Jb1MXqjOGNDY6jTycVPlHgw&oe=6A6B3CF2,Researched (Batch 2),3–11,Daniella Maddalena,1997,"English, Japanese, Mandarin",,160,3–11
Jing Jing International Kindergarten,draft,UK Curriculum,New Territories,Kindergarten,Preschool,,,,,Not yet researched,Jing Jing International Kindergarten is a kindergarten institution situated in the New Territories district of Hong Kong. The school specializes in early childhood and preschool education based on the UK Curriculum curriculum.,"https://static.wixstatic.com/media/b9f903_62ee020e292c47989bdafcb671eec931~mv2.jpg/v1/fill/w_90,h_135,al_c,q_80,usm_0.66_1.00_0.01,blur_2,enc_avif,quality_auto/b9f903_62ee020e292c47989bdafcb671eec931~mv2.jpg","https://static.wixstatic.com/media/b9f903_dacb7f9864bc41bfa0054559037407db~mv2.png/v1/fill/w_156,h_165,al_c,q_85,usm_0.66_1.00_0.01,enc_avif,quality_auto/crest.png",Pending,,,,,,,
Kellett School,,UK Curriculum,Hong Kong Island,International School,"Primary, Secondary","HK$218,200-279,100 (26/27)",2026/27,"Annual Capital Levy: HK$40,000 (for those not covered by a debenture)","HK$1,000,000-20,000,000 depending on tier, including a 'Golden Jubilee' corporate tier at approx. HK$20,000,000",,Kellett School is an international school situated in the Hong Kong Island district of Hong Kong. It offers primary and secondary academic programs structured around the UK Curriculum.,https://www.kellettschool.com/userfiles/kellettv2mvc/image/header/front%20page/50th%20banner.jpg?command_1=resize&width_1=1200,https://www.kellettschool.com/Images/img/global/logo.png?command_1=resize&width_1=175,"Researched (Batch 1, refined Batch 2)",4–18,Paul Tough,1976,English,,"over 1,400",4–18
Kendall International Preschool,draft,School-Based / Play-Based,Kowloon,Kindergarten,Preschool,,,,,Not yet researched,Kendall International Preschool is a kindergarten institution situated in the Kowloon district of Hong Kong. The school specializes in early childhood and preschool education based on the School-Based / Play-Based curriculum.,https://www.kendall.edu.hk/wp-content/uploads/2021/01/home_slide2.jpg,https://www.kendall.edu.hk/wp-content/uploads/2021/04/logo202104.png,Pending,,,,,,,
Kiangsu & Chekiang Primary School and Kiangsu-Chekiang College (International Section),,IB Curriculum,Hong Kong Island,International School,"Preschool, Primary, Secondary","HK$85,400-128,000 (26/27)",2026/27,None; a refundable registration deposit equivalent to 2 months' tuition is required instead,None,Application fee HK$500.,"Kiangsu & Chekiang Primary School and Kiangsu-Chekiang College (International Section) is an international school situated in the Hong Kong Island district of Hong Kong. It provides education spanning early years through secondary levels, culminating in the IBDP.",https://scontent-lhr11-1.xx.fbcdn.net/v/t39.30808-6/480959238_644487498076841_1444572385046665213_n.jpg?stp=dst-jpg_tt6&cstp=mx1455x958&ctp=s1455x958&_nc_cat=106&ccb=1-7&_nc_sid=cc71e4&_nc_ohc=P53JQWnDvUcQ7kNvwEOiq-b&_nc_oc=Adrgg1YAvqhAOZbhNU8v-IWjh8pxtHCXBFofiz9tnC57WwZUvtmnUv6CG9Lax-TiFL8&_nc_zt=23&_nc_ht=scontent-lhr11-1.xx&_nc_gid=s7mG6IhY-0WN4t66Pg4EYA&_nc_ss=7b2a8&oh=00_AQAZfeztQ1W04xsuUd_KMTzO4FFD1DeabWBOz9dGOKS2Gw&oe=6A6B4FED,https://scontent-lhr6-1.xx.fbcdn.net/v/t39.30808-1/361088419_291388533386741_3658246776849968069_n.jpg?stp=c0.0.637.637a_dst-jpg_tt6&cstp=mx637x637&ctp=s480x480&_nc_cat=108&ccb=1-7&_nc_sid=2d3e12&_nc_ohc=i-dCxuIFaAIQ7kNvwGZKnd6&_nc_oc=AdqP6oYMa5SPbSXGbrzpfQ3EHtNm3Jy7CqfqMXlGxpkcIGryzXh8atgOVO2q3YB1Xwk&_nc_zt=24&_nc_ht=scontent-lhr6-1.xx&_nc_gid=s7mG6IhY-0WN4t66Pg4EYA&_nc_ss=7b2a8&oh=00_AQBg74RmPXAkZxkBf-MqGjSih6aQVsYvgNTz5YM-e-_B1w&oe=6A6B38BE,Researched (Batch 2),5–18,Fu Hung Lun,1993,"English, Putonghua",,1000 - 1100,5–18
Kiangsu Chekiang School (KCS),draft,Hong Kong Curriculum,Hong Kong Island,Private School,"Preschool, Primary",,,,,Not yet researched,"Kiangsu Chekiang School (KCS) is a private school situated in the Hong Kong Island district of Hong Kong. It provides education spanning early years through secondary levels, following the Hong Kong Curriculum framework.",https://www.kcs.edu.hk/images/main.gif,,Pending,,,,,,,
Kingston International School,,IB Curriculum,Kowloon,Private School,"Preschool, Primary","HK$112,000-175,000",2026/27,Not publicly itemised in sources reviewed,Not publicly itemised in sources reviewed,,"Kingston International School is a private school situated in the Kowloon district of Hong Kong. It provides education spanning early years through secondary levels, following the IB Curriculum framework.",https://scontent-lhr6-1.xx.fbcdn.net/v/t39.30808-6/682475147_1484787356410236_5051162379682302840_n.jpg?stp=dst-jpg_tt6&cstp=mx960x642&ctp=s960x642&_nc_cat=108&ccb=1-7&_nc_sid=833d8c&_nc_ohc=Np-F4PvEk2EQ7kNvwH2c-v4&_nc_oc=AdoIY6ceYVUHwq69bPawBOeXZBkvMtTVZnBZQK0Yewfh9UDvMjJ7FVY7nWihH-Jaf4g&_nc_zt=23&_nc_ht=scontent-lhr6-1.xx&_nc_gid=v3JmtyYQTPSLb8f5HRu38w&_nc_ss=7b2a8&oh=00_AQDk3ETffsFhxbs0Og_eATOpO6q8Z3de8QEBWGSobZtSIA&oe=6A6B3A4F,https://scontent-lhr6-2.xx.fbcdn.net/v/t39.30808-1/350680755_935067374430478_4064874155797419941_n.jpg?stp=dst-jpg_tt6&cstp=mx500x500&ctp=s480x480&_nc_cat=105&ccb=1-7&_nc_sid=2d3e12&_nc_ohc=IZxZsEs2Z6UQ7kNvwGtpGIV&_nc_oc=AdoyTzZAGgEMaoOYVas-fFd2gDRrWLH1yb6E7XZ-utvvsRYFHjKR5Lw0X4840ldOo1k&_nc_zt=24&_nc_ht=scontent-lhr6-2.xx&_nc_gid=P8bi8bHOsIIitvPn0u2B9w&_nc_ss=7b2a8&oh=00_AQDP0uSW964L_v-t4BEn9mn9PS5HzJUT03Wq4enDqiQ2zA&oe=6A6B5FEE,Researched (Batch 2),1–11,Eliza Wong,1996,"English, Putonghua",,approx. 260,1–11
KLT Funful English Primary School,draft,UK Curriculum,Kowloon,Private School,Primary,,,,,Not yet researched,KLT Funful English Primary School is a private school situated in the Kowloon district of Hong Kong. The school provides primary education following the UK Curriculum framework.,,,Pending,,,,,,,
Korean International School (International Stream),,UK Curriculum,Hong Kong Island,International School,"Primary, Secondary","HK$101,500-143,200 (26/27, subject to EDB approval)",2026/27,None,None,"Application fee HK$2,000, currently waived for Reception and Year 1.",Korean International School (International Stream) is an international school situated in the Hong Kong Island district of Hong Kong. It offers primary and secondary academic programs structured around the UK Curriculum.,https://www.kis.edu.hk/wp-content/uploads/2023/04/admissions-policy.jpg,https://www.kis.edu.hk/wp-content/uploads/2025/12/cropped-logo_m.png,Researched (Batch 2),4–18,Daniel Hilton,1994,"English, Putonghua, Korean, Spanish",,950 - 1050,4–18
Kowloon Baptist Church Kindergarten,draft,School-Based / Play-Based,Kowloon,Kindergarten,Preschool,,,,,Not yet researched,Kowloon Baptist Church Kindergarten is a kindergarten institution situated in the Kowloon district of Hong Kong. The school specializes in early childhood and preschool education based on the School-Based / Play-Based curriculum.,https://www.kbck.edu.hk/wp-content/plugins/revslider/public/assets/assets/dummy.png,https://www.kbck.edu.hk/wp-content/uploads/2021/09/KBCK_Logo0906.png,Pending,,,,,,,
Lantau International School,,UK Curriculum,New Territories,International School,Primary,"HK$81,000-105,500 (26/27)",2026/27,None; a refundable Capital Contribution Fund equivalent to 3 months' tuition applies instead,None,"Application fee HK$1,300. Primary only (Reception to Primary 6).",Lantau International School is an international school situated in the New Territories district of Hong Kong. The school provides primary education following the UK Curriculum framework.,https://scontent-lhr6-1.xx.fbcdn.net/v/t39.30808-6/486646535_1145405957596651_2934507919523327756_n.jpg?stp=dst-jpg_tt6&cstp=mx1600x810&ctp=s1600x810&_nc_cat=109&ccb=1-7&_nc_sid=cc71e4&_nc_ohc=Y_6kmsTPAJEQ7kNvwGpQQlg&_nc_oc=Adrl8-AoLglEsVGgCVw9xOpHW1CUMciMAc5IlMUAWBeJ0NEait2NjuMQKY3qQhjEPjU&_nc_zt=23&_nc_ht=scontent-lhr6-1.xx&_nc_gid=w2Mtg_Ta7lSpF6-GOKAQFg&_nc_ss=7b2a8&oh=00_AQBHm78b80jneMJarYXYcEt5koVGkvceerPEGc94K3iwzg&oe=6A6B62B0,https://scontent-lhr11-1.xx.fbcdn.net/v/t39.30808-1/360087187_713923524078232_6051199523647800282_n.jpg?stp=dst-jpg_tt6&cstp=mx252x250&ctp=s252x250&_nc_cat=111&ccb=1-7&_nc_sid=2d3e12&_nc_ohc=xdIbWOltBPYQ7kNvwE5MKsw&_nc_oc=AdqvoFqUTOr2ppcYaO97gZMVTcAQ4YeflH_fd7ssFRSy74stcRiSDfG5UpRSfoy79k0&_nc_zt=24&_nc_ht=scontent-lhr11-1.xx&_nc_gid=hGB1NHlgsEOy4zSXHVpOTw&_nc_ss=7b2a8&oh=00_AQBnj_RL0MwZ9l3WfmZQzazZjH4g8lZuKY7lhmrXR29F6g&oe=6A6B4CDD,Researched (Batch 2),4–11,,1995,"English, Mandarin",,150–250,4–11
Leapfrog Kindergarten and Playgroup,draft,UK Curriculum,New Territories,Kindergarten,Preschool,,,,,Not yet researched,Leapfrog Kindergarten and Playgroup is a kindergarten institution situated in the New Territories district of Hong Kong. The school specializes in early childhood and preschool education based on the UK Curriculum curriculum.,https://images.squarespace-cdn.com/content/v1/6023e310d5fd4913f3640889/d7d7a7f7-691e-4d9a-8c84-f3e650d7c295/treehouse+1.jpg,http://static1.squarespace.com/static/6023e310d5fd4913f3640889/t/6041d157bf84771486270501/1614926169617/Leapfrog_Logo_124px.png?format=1500w,Pending,,,,,,,
Little Dalton,draft,Dalton Plan,Hong Kong Island,Kindergarten,Preschool,,,,,Not yet researched,Little Dalton is a kindergarten institution situated in the Hong Kong Island district of Hong Kong. The school specializes in early childhood and preschool education based on the Dalton Plan curriculum.,,,Pending,,,,,,,
Lou Pichoun,draft,French Curriculum,Hong Kong Island,Kindergarten,Preschool,,,,,Not yet researched,Lou Pichoun is a kindergarten institution situated in the Hong Kong Island district of Hong Kong. The school specializes in early childhood and preschool education based on the French Curriculum curriculum.,https://www.loupichoun.com/base/static/img/country_flags/us.png?height=25,https://www.loupichoun.com/web/image/website/1/logo?unique=2c41290,Pending,,,,,,,
Malvern College Hong Kong,,IB Curriculum,New Territories,International School,"Primary, Secondary","HK$198,860-226,210",2026/27,"HK$42,000/year",None required; optional individual and corporate nomination rights available,"Application fee HK$1,800.",Malvern College Hong Kong is an international school situated in the New Territories district of Hong Kong. It offers primary and secondary academic programs structured around the IB Curriculum.,https://scontent-lhr6-1.xx.fbcdn.net/v/t39.30808-6/500472722_1255504046580854_7608665333095579641_n.jpg?stp=dst-jpg_tt6&cstp=mx2048x1365&ctp=s2048x1365&_nc_cat=102&ccb=1-7&_nc_sid=cc71e4&_nc_ohc=-tUQLNnpku8Q7kNvwGN1vs8&_nc_oc=AdpjiT-KsDOApF6t77rYtjNIz6UaWWls8SzsoxoB-y4ksNGqbulYd5Nq-NExIkdc6sA&_nc_zt=23&_nc_ht=scontent-lhr6-1.xx&_nc_gid=Sm7b0lkS71hjIK-YGOFK8Q&_nc_ss=7b2a8&oh=00_AQATOcw5peMQS76kwa6nrx6qZOvJqt9QbIc3rfizs63ewQ&oe=6A6B6757,https://scontent-lhr11-1.xx.fbcdn.net/v/t39.30808-1/296946711_2169638283209539_6341965288938117190_n.jpg?stp=dst-jpg_tt6&cstp=mx455x455&ctp=s455x455&_nc_cat=111&ccb=1-7&_nc_sid=2d3e12&_nc_ohc=tuXMcEHDIscQ7kNvwHnjsz2&_nc_oc=AdonZtYDB8L965rAzs4Ef7ZMs6PMZ22gLWQ0pVKQ2pCJOGLO2P6Uuuk6f_DIw4-sz7k&_nc_zt=24&_nc_ht=scontent-lhr11-1.xx&_nc_gid=Sm7b0lkS71hjIK-YGOFK8Q&_nc_ss=7b2a8&oh=00_AQBNPEN1-pKCwjwKWL9fOdZmGJk10p2MTh8RCA3abJI4Ig&oe=6A6B5FB6,Researched (Batch 2),3–18,Paul Wickes,2018,English,,"1,200",3–18
Malvern College Preschool Hong Kong,,UK Curriculum,Kowloon,Kindergarten,Preschool,,,,,Not yet researched,Malvern College Preschool Hong Kong is a kindergarten institution situated in the Kowloon district of Hong Kong. The school specializes in early childhood and preschool education based on the UK Curriculum curriculum.,https://scontent-lhr6-1.xx.fbcdn.net/v/t39.30808-6/486953837_1158988609572346_8085793078730805053_n.jpg?stp=dst-jpg_tt6&cstp=mx2048x1366&ctp=s2048x1366&_nc_cat=109&ccb=1-7&_nc_sid=cc71e4&_nc_ohc=3txJteoj6Y8Q7kNvwEjmRLP&_nc_oc=AdqIzuufnmKhO6SgH0aUEXa8rAd9CnFnkLMX95_4Xqq9SOIvEOwmaGcVXCbHd1u67GI&_nc_zt=23&_nc_ht=scontent-lhr6-1.xx&_nc_gid=V8674OjeCrHvg1ZVOqRL-w&_nc_ss=7b2a8&oh=00_AQBtijkDW6y9RAbXso6Q0WVwmIQQ6Mypkd427KNQV-0Vtw&oe=6A6B418B,https://scontent-lhr6-1.xx.fbcdn.net/v/t39.30808-1/296130792_5245487438900780_4480615459374531160_n.jpg?stp=dst-jpg_tt6&cstp=mx448x448&ctp=s448x448&_nc_cat=103&ccb=1-7&_nc_sid=2d3e12&_nc_ohc=kKcFfcV0cYYQ7kNvwHshKMV&_nc_oc=AdosyWGyt0GJ_kMBYeJhZMd23lvcFgg1JSN6WURTLHM1aMEaBqaEqtBVi7tOPOyVf6s&_nc_zt=24&_nc_ht=scontent-lhr6-1.xx&_nc_gid=V8674OjeCrHvg1ZVOqRL-w&_nc_ss=7b2a8&oh=00_AQBNgKhhJiEaAnTrN2L-lPlmAaw2djJaoHuVlaw-5K--Vw&oe=6A6B660C,Pending,2–5,Jacqueline McNalty,2017,English,,360,2–5
MASS International Preschool,draft,UK Curriculum,Hong Kong Island,Kindergarten,Preschool,,,,,Not yet researched,MASS International Preschool is a kindergarten institution situated in the Hong Kong Island district of Hong Kong. The school specializes in early childhood and preschool education based on the UK Curriculum curriculum.,,,Pending,,,,,,,
Mighty Oaks International Nursery & Kindergarten,draft,School-Based / Play-Based,Hong Kong Island,Kindergarten,Preschool,,,,,Not yet researched,Mighty Oaks International Nursery & Kindergarten is a kindergarten institution situated in the Hong Kong Island district of Hong Kong. The school specializes in early childhood and preschool education based on the School-Based / Play-Based curriculum.,https://cdn.durable.co/blocks/5s7CuOpfycWVsre4IF1XemZprxTuqMgkFc5ANxHAQsF4xAQggGmscTQWEcvAwYkg.jpg,https://cdn.durable.co/branding/1ekOqk1sCczay3CyPrnnnMZ4gKZjVJHirFaLBAdvmjvW5WnoNqg5Eml8ktLYJpu8.png,Pending,,,,,,,
Mills International Preschool,,School-Based / Play-Based,New Territories,Kindergarten,Preschool,,,,,Not yet researched,Mills International Preschool is a kindergarten institution situated in the New Territories district of Hong Kong. The school specializes in early childhood and preschool education based on the School-Based / Play-Based curriculum.,,,Pending,1–5,Wendy Ip,2013,"English, Mandarin",,44,1–5
Mori Lisa International Kindergarten,,UK Curriculum,Hong Kong Island,Kindergarten,Preschool,,,,,Not yet researched,Mori Lisa International Kindergarten is a kindergarten institution situated in the Hong Kong Island district of Hong Kong. The school specializes in early childhood and preschool education based on the UK Curriculum curriculum.,,,Pending,1–6,Yin Ling Li,2014,"English, Mandarin, Spanish",,58,1–6
Mulberry House International Kindergarten,,UK Curriculum,New Territories,Kindergarten,Preschool,,,,,Not yet researched,Mulberry House International Kindergarten is a kindergarten institution situated in the New Territories district of Hong Kong. The school specializes in early childhood and preschool education based on the UK Curriculum curriculum.,https://scontent-lhr6-1.xx.fbcdn.net/v/t1.6435-9/106354384_144366247273836_4227853375857463899_n.png?stp=dst-png&cstp=mx820x312&ctp=s820x312&_nc_cat=109&ccb=1-7&_nc_sid=cc71e4&_nc_ohc=jpOj9MktTqQQ7kNvwES04L-&_nc_oc=AdqFZ_xBiBXZcHmaXP9yZu9Bb-3hnXBQh_Jt-jatodBsiOAXm5zuHSmmYQXjrHVxLxg&_nc_zt=23&_nc_ht=scontent-lhr6-1.xx&_nc_gid=7o00BH03JCBbJ4BkNUyVAg&_nc_ss=7b2a8&oh=00_AQDONtzVDhv8x7OILvbr6TAVFseIo550NlzMytmdbob9AQ&oe=6A8CD94F,https://scontent-lhr11-1.xx.fbcdn.net/v/t39.30808-1/341048122_607790824567261_8142984774292902789_n.jpg?stp=dst-jpg_tt6&cstp=mx741x741&ctp=s480x480&_nc_cat=110&ccb=1-7&_nc_sid=2d3e12&_nc_ohc=G4U_VWbxtfIQ7kNvwExzyUq&_nc_oc=Adq2s7DTx6YbX38QOZe5xVIaUIA0sS0OnzB3RDQKaclMkJV_Q5ZgB_yvwvKZtM-adyk&_nc_zt=24&_nc_ht=scontent-lhr11-1.xx&_nc_gid=49fmxc_NQKHPJQ4bUWF9Dw&_nc_ss=7b2a8&oh=00_AQAlUZ6SJNpUWW_favz9wurMR9g09gYT3j5oZNWZDuspxQ&oe=6A6B6580,Pending,0–6,Joanne Townson,2015,"English, Mandarin",,,0–6
Mynors International Kindergarten,draft,UK Curriculum,New Territories,Kindergarten,Preschool,,,,,Not yet researched,Mynors International Kindergarten is a kindergarten institution situated in the New Territories district of Hong Kong. The school specializes in early childhood and preschool education based on the UK Curriculum curriculum.,https://mynors.edu.hk/wp-content/uploads/2025/09/‎mynors-banner.‎001.jpeg,https://mynors.edu.hk/wp-content/uploads/2021/03/P00450-MYNORS-Kindergarten-logo_png04副本-e1615280126796.png,Pending,,,,,,,
Nord Anglia International School and Preschool Hong Kong,,IB Curriculum,New Territories,International School,K1 - Y13,"HK$91,300-237,200 (26/27)",2026/27,"HK$35,000/year for new students entering from 26/27 (eligible debenture holders exempt)",Individual and corporate debentures available,"Application fee: none (Sai Kung Early Years) or HK$3,000 (Lam Tin Primary/Kwun Tong Secondary campuses).",Nord Anglia International School and Preschool Hong Kong is an international school situated in the New Territories district of Hong Kong. It delivers educational programs centered on the IB Curriculum framework.,,,Researched (Batch 2),2–18,Tim Richardson,2014,"English, Putonghua, French, Spanish",,"1,550 - 1,650",2–18
North London Collegiate School Hong Kong,draft,IB Curriculum,Kowloon,International School,"Preschool, Primary, Secondary",,,,,Not yet researched,"North London Collegiate School Hong Kong is an international school situated in the Kowloon district of Hong Kong. It provides education spanning early years through secondary levels, following the IB Curriculum framework.",https://scontent-lhr6-1.xx.fbcdn.net/v/t39.30808-6/493902219_9700017976777344_8524696530048915814_n.jpg?stp=dst-jpg_tt6&cstp=mx2048x1365&ctp=s2048x1365&_nc_cat=109&ccb=1-7&_nc_sid=cc71e4&_nc_ohc=S_JDpNn7cngQ7kNvwEZHshj&_nc_oc=Adp_kw2g3KttBwE5xoNwkahrUlmP-2cY4I6mPsLxHgqNyD0Xyhzq35I0OvkjvI4CnEY&_nc_zt=23&_nc_ht=scontent-lhr6-1.xx&_nc_gid=BndD7XD055nR2w7hfQINpQ&_nc_ss=7b2a8&oh=00_AQCUqULxnWnWtZhSRMD9Oz_l_YOdLRl0uoL-UNAQqUkVHA&oe=6A6B496F,https://scontent-lhr6-1.xx.fbcdn.net/v/t39.30808-1/355679385_749165567218286_1501240547326689282_n.png?stp=dst-png&cstp=mx1000x1000&ctp=s480x480&_nc_cat=109&ccb=1-7&_nc_sid=2d3e12&_nc_ohc=CkQFh1RHOtIQ7kNvwEiUWRZ&_nc_oc=AdqHzeGOoh2tOAEZPpk3L5Ba5r5AeV4_ttgTgAOYY9Yvaw2JQs6Qxr_lNBmidKrH-Ts&_nc_zt=24&_nc_ht=scontent-lhr6-1.xx&_nc_gid=BndD7XD055nR2w7hfQINpQ&_nc_ss=7b2a8&oh=00_AQDYLVQC8wj8oA1sNQfQhC3EVzHQrpxF0xYFrvxAsG4Vzg&oe=6A6B3FF0,Pending,,,,,,,
Norwegian International School,,UK Curriculum,New Territories,International School,"Preschool, Primary","HK$80,850-133,200",2026/27,Not publicly itemised in sources reviewed,Not publicly itemised in sources reviewed,,"Norwegian International School is an international school situated in the New Territories district of Hong Kong. It provides education spanning early years through secondary levels, following the UK Curriculum framework.",https://nis.edu.hk/wp-content/uploads/2019/08/NIS-home-banner.jpg,https://nis.edu.hk/wp-content/uploads/2019/08/NIS_Logo.jpg,Researched (Batch 2),5–11,Luis Mak,1994,"English, Putonghua",,150 - 200,5–11
Oxbridge School Hong Kong,,UK Curriculum,Kowloon,Private School,Primary,,,,,Not yet researched,Oxbridge School Hong Kong is a private school situated in the Kowloon district of Hong Kong. The school provides primary education following the UK Curriculum framework.,https://scontent-lhr6-1.xx.fbcdn.net/v/t39.30808-6/703026869_1408487744639100_7160869359134016756_n.jpg?stp=dst-jpg_tt6&cstp=mx1920x1080&ctp=s1920x1080&_nc_cat=103&ccb=1-7&_nc_sid=127cfc&_nc_ohc=2TJ_-pAMeDEQ7kNvwH8qfQh&_nc_oc=AdrRDjDOfkpIcAAZKFcWgZ7Tr33YytI4jGgJmMsPj-FrffYzI9Sd9sWhf06D5f3LAhg&_nc_zt=23&_nc_ht=scontent-lhr6-1.xx&_nc_gid=9Q-y9c89k8PoLWiCYb9u5A&_nc_ss=7b2a8&oh=00_AQBtamQInoES0NgldOAL1AGe0OxndbeNsM7_08G-PvGcfw&oe=6A6B53CA,https://scontent-lhr6-2.xx.fbcdn.net/v/t39.30808-1/338019051_3410174112633892_1976242655060990379_n.jpg?stp=dst-jpg_tt6&cstp=mx791x791&ctp=s480x480&_nc_cat=105&ccb=1-7&_nc_sid=2d3e12&_nc_ohc=Zs-JtzsfUl0Q7kNvwHVsJ9R&_nc_oc=AdoZLrDU8xEVN4VZI_TgeyWY1e3XzHVU5Go_gvWhgu5uNWgw1gRQtFpeAzJ-gJoCwuc&_nc_zt=24&_nc_ht=scontent-lhr6-2.xx&_nc_gid=QZTIqU-mEV5ahpXpNP5tpQ&_nc_ss=7b2a8&oh=00_AQC61wyAnQteX4VtENzKhzAluBDvYexZmA2egkTRel7wiw&oe=6A6B64DD,Pending,5–18,JL Shooter,2021,English,,,5–18
Parkview International Pre-School,,IB Curriculum,Kowloon,Kindergarten,Preschool,,,,,Not yet researched,Parkview International Pre-School is a kindergarten institution situated in the Kowloon district of Hong Kong. The school specializes in early childhood and preschool education based on the IB Curriculum curriculum.,https://scontent-lhr6-2.xx.fbcdn.net/v/t39.30808-6/471645426_1066133788857919_3948320773404642984_n.jpg?stp=dst-jpg_tt6&cstp=mx2048x1365&ctp=s2048x1365&_nc_cat=107&ccb=1-7&_nc_sid=cc71e4&_nc_ohc=Tk1Qgs7FusEQ7kNvwE9nR0d&_nc_oc=AdpxAQz8CO7J95gwuuNevN8LYk1yRiRpkKuDbz289ImhWS8m2VRw__zopw7UgiOFS74&_nc_zt=23&_nc_ht=scontent-lhr6-2.xx&_nc_gid=aluwfRbvlPlFkCqvQWJdug&_nc_ss=7b2a8&oh=00_AQAW-WCMcSehcMm_LlSXXf0XR7Oj5TAuH1GLIyBfhZhm2A&oe=6A6B54A0,https://scontent-lhr6-2.xx.fbcdn.net/v/t39.30808-1/238002023_215546737249966_5883043757641415222_n.jpg?stp=c39.0.1105.1105a_dst-jpg_tt6&cstp=mx1105x1105&ctp=s480x480&_nc_cat=105&ccb=1-7&_nc_sid=2d3e12&_nc_ohc=_EDpFb3Vx8kQ7kNvwHZJ8hp&_nc_oc=AdpVMhG-F7QMXyv9NetnjLRtPrLtca08gDxuS2k5sjCHW3qmIBLEFPqVIUH9m81sQuA&_nc_zt=24&_nc_ht=scontent-lhr6-2.xx&_nc_gid=aluwfRbvlPlFkCqvQWJdug&_nc_ss=7b2a8&oh=00_AQBIR79WBRt7ouFl3lr7lvi7l3ODlj_FUQeALzQyr6mXsQ&oe=6A6B4C03,Pending,1–6,Kitty Ho,1989,"English, Putonghua",,,1–6
Po Leung Kuk Choi Kai Yau School,draft,IB Curriculum,Kowloon,Private Independent School (PIS),"Primary, Secondary","HK$99,825-146,927",2026/27,Not publicly itemised in sources reviewed,Not publicly itemised in sources reviewed,,Po Leung Kuk Choi Kai Yau School is a private independent school (pis) situated in the Kowloon district of Hong Kong. It offers primary and secondary academic programs structured around the IB Curriculum.,,,Researched (Batch 2),,,,,,,
PODS Kindergarten and Preschool,draft,School-Based / Play-Based,Hong Kong Island,Kindergarten,Preschool,,,,,Not yet researched,PODS Kindergarten and Preschool is a kindergarten institution situated in the Hong Kong Island district of Hong Kong. The school specializes in early childhood and preschool education based on the School-Based / Play-Based curriculum.,https://pods.edu.hk/cdn/shop/files/Website_Banner_a567ea3a-a4ad-4c24-87ee-3134bfce2188.png?v=1781167497&width=3840,http://pods.edu.hk/cdn/shop/files/pods_school_logo_th.png?height=628&pad_color=ffffff&v=1756529829&width=1200,Pending,,,,,,,
Rightmind International Nursery and Kindergarten,draft,School-Based / Play-Based,Hong Kong Island,Kindergarten,Preschool,,,,,Not yet researched,Rightmind International Nursery and Kindergarten is a kindergarten institution situated in the Hong Kong Island district of Hong Kong. The school specializes in early childhood and preschool education based on the School-Based / Play-Based curriculum.,,,Pending,,,,,,,
Sai Kung International Pre-School (SKIP),draft,UK Curriculum,New Territories,Kindergarten,Preschool,,,,,Not yet researched,Sai Kung International Pre-School (SKIP) is a kindergarten institution situated in the New Territories district of Hong Kong. The school specializes in early childhood and preschool education based on the UK Curriculum curriculum.,,,Pending,,,,,,,
Sear Rogers International School,draft,UK Curriculum,New Territories,International School,Secondary,"Approx. HK$79,200 (Year 1) rising through the year groups to the senior years (exact top-band figure varies by source - confirm with school)",2025/26,Not publicly itemised in sources reviewed,Not publicly itemised in sources reviewed,One of Hong Kong's more affordable international schools; small school (approx. 115 students).,Sear Rogers International School is an international school situated in the New Territories district of Hong Kong. The school provides secondary education structured around the UK Curriculum curriculum.,,,Researched (Batch 2),,,,,,,
Shrewsbury International School,,UK Curriculum,New Territories,International School,Primary,"HK$117,300-235,080 (26/27)",2026/27,"HK$30,000/year (half-day Nursery) or HK$50,000/year (all other year groups); Capital Certificate holders exempt","Optional Capital Certificate: HK$200,000 (Standard) or HK$300,000 (Premium)","Application fee HK$2,800. Expanding into secondary education from 2026/27.",Shrewsbury International School is an international school situated in the New Territories district of Hong Kong. The school provides primary education following the UK Curriculum framework.,https://scontent-lhr11-1.xx.fbcdn.net/v/t39.30808-6/531608226_122094276656987106_7053972737645174487_n.jpg?stp=dst-jpg_tt6&cstp=mx2048x1365&ctp=s2048x1365&_nc_cat=100&ccb=1-7&_nc_sid=cc71e4&_nc_ohc=kzW_u5Ihdh4Q7kNvwFIaxOr&_nc_oc=AdrIbZz2IlhPcIjdA3JQJ3Ry1TMprsq00PNZj0E-vAayFoLlG0ZbBphY7V3cH8BG33M&_nc_zt=23&_nc_ht=scontent-lhr11-1.xx&_nc_gid=otBVxjv_GxSDfjSFojlk5w&_nc_ss=7b2a8&oh=00_AQAFEtqNOBz9EcTIt_kph4-q8uXPobYQNF5IlGu4WKz2gA&oe=6A6B65A3,https://scontent-lhr11-1.xx.fbcdn.net/v/t39.30808-6/624424642_122145427484987106_3916632277221723379_n.jpg?stp=dst-jpg_tt6&cstp=mx961x961&ctp=s961x961&_nc_cat=110&ccb=1-7&_nc_sid=6ee11a&_nc_ohc=4V3oI9yxrTkQ7kNvwGj035C&_nc_oc=AdqAF6IBccqTRWnGtGThiF2uNnQ_fKlaXkdySC2Vn1d5A91wJ5Q1gaPFJYJ7ZW7MlHs&_nc_zt=23&_nc_ht=scontent-lhr11-1.xx&_nc_gid=xyiosaOeJS6lJ6bQ29bojw&_nc_ss=7b2a8&oh=00_AQBUITkjFzPbb_FUxNUqukA96D3PPfddEVERLijeHWekpQ&oe=6A6B46C5,Researched (Batch 2),3–13,Priya Kanthan,2018,"English, Putonghua",,450 - 550,3–13
Singapore International School Hong Kong,,Singapore Curriculum,Hong Kong Island,International School,"Primary, Secondary","HK$106,100-265,000 (26/27)",2026/27,"HK$20,000/year for personal-debenture holders; HK$160,000 one-off for corporate-debenture holders","Personal Debenture: HK$200,000 (HK$120,000 for Singapore-passport holders) | Corporate Debenture: HK$500,000 (8-year validity, one nominee at a time)",,Singapore International School Hong Kong is an international school situated in the Hong Kong Island district of Hong Kong. It offers primary and secondary academic programs structured around the Singapore Curriculum.,https://scontent-lhr6-1.xx.fbcdn.net/v/t39.30808-6/473998599_1016401933836973_7739261061646360993_n.jpg?stp=dst-jpg_tt6&cstp=mx2048x1227&ctp=s2048x1227&_nc_cat=109&ccb=1-7&_nc_sid=cc71e4&_nc_ohc=NMItHANG198Q7kNvwG-Qzs5&_nc_oc=Adpt8WG-llDl07catjNHiLzcUns8rhUr3wO28RPY2NLRHly9oPF6I4Ba7V2o6tiG6sI&_nc_zt=23&_nc_ht=scontent-lhr6-1.xx&_nc_gid=tnev5U6-WGH6MMdWau18TA&_nc_ss=7b2a8&oh=00_AQAyCl472JTC461ihE7nr9swjJt1aTRIn89ovuU9ewhgPw&oe=6A6B3C02,https://scontent-lhr6-2.xx.fbcdn.net/v/t39.30808-1/302256939_451040873706418_6222102423123096905_n.jpg?stp=dst-jpg_tt6&cstp=mx1194x1194&ctp=s480x480&_nc_cat=107&ccb=1-7&_nc_sid=2d3e12&_nc_ohc=Vmr59bIrtKEQ7kNvwFuMykQ&_nc_oc=Adqd3O14GaXk9RUeMHFcPV9sWE12bJxIBFi2lvMulT8gkqZt58Jf3PL3AaHwfKJFQ1k&_nc_zt=24&_nc_ht=scontent-lhr6-2.xx&_nc_gid=tnev5U6-WGH6MMdWau18TA&_nc_ss=7b2a8&oh=00_AQAWIuwb_kwCffmV8KRQ6E0jwtqYLdRtuzJa34rGIM7m7A&oe=6A6B42C4,"Researched (Batch 1, refined Batch 2)",6–18,Tony Low,1991,"English, Putonghua",,"1,800",6–18
Small World Christian Kindergarten,,School-Based / Play-Based,Hong Kong Island,Kindergarten,Preschool,,,,,Not yet researched,Small World Christian Kindergarten is a kindergarten institution situated in the Hong Kong Island district of Hong Kong. The school specializes in early childhood and preschool education based on the School-Based / Play-Based curriculum.,https://scontent-lhr11-1.xx.fbcdn.net/v/t39.30808-6/609121123_1482335053895208_6958097086098951391_n.png?stp=dst-png&cstp=mx851x315&ctp=s851x315&_nc_cat=106&ccb=1-7&_nc_sid=cc71e4&_nc_ohc=m4qmN4p9b9AQ7kNvwEp74XY&_nc_oc=AdrOmW7sagTnh899xh1Ab1sEWhEnE0CorWLOvTycGG4ZzK0trUkq0PR9kaUqjhwOYes&_nc_zt=23&_nc_ht=scontent-lhr11-1.xx&_nc_gid=KPddDPs0_crrSLABLd3_fQ&_nc_ss=7b2a8&oh=00_AQD9Ut0Qftjd6qMIxtaF2Bm9Y_VjRBoIqY77ucOWj3lAhQ&oe=6A6B5113,https://scontent-lhr11-1.xx.fbcdn.net/v/t39.30808-1/293044083_474055434723180_2240855234423308077_n.png?stp=dst-png&cstp=mx800x800&ctp=s480x480&_nc_cat=100&ccb=1-7&_nc_sid=2d3e12&_nc_ohc=P_tmveueGDQQ7kNvwFKUITq&_nc_oc=AdoyQIyjOLl1bT9AlehcVH6VmZBsYSOvwIZSxd1GFzvarKcEQNtaPc-K7bS6lV93zuE&_nc_zt=24&_nc_ht=scontent-lhr11-1.xx&_nc_gid=KPddDPs0_crrSLABLd3_fQ&_nc_ss=7b2a8&oh=00_AQDTfiTdB1gY57RPyxxHvLfwrq7B4VLUJ3c6jHEgd2zpQg&oe=6A6B54A0,Pending,2-6,Tess Baguio,1986,English,,approx. 250,2-6
Spanish School of Hong Kong,draft,UK Curriculum,New Territories,Private School,Primary,,,,,Not yet researched,Spanish School of Hong Kong is a private school situated in the New Territories district of Hong Kong. The school provides primary education following the UK Curriculum framework.,,,Pending,,,,,,,
Stamford American School Hong Kong,,US Curriculum,Kowloon,Private School,"Primary, Secondary","HK$219,900-274,400 (26/27)",2026/27,"HK$30,000/year (with HK$30,000 tuition offset on leaving) or one-time HK$150,000; debenture holders exempt","Individual Debenture: HK$500,000 (8-year validity) | Corporate: Platinum HK$5,000,000, Standard Plus HK$3,000,000, Standard HK$2,000,000",Application fee currently waived.,Stamford American School Hong Kong is a private school situated in the Kowloon district of Hong Kong. It offers primary and secondary academic programs structured around the US Curriculum.,https://scontent-lhr6-2.xx.fbcdn.net/v/t1.6435-9/30264523_1883596858318535_7658976975775596544_n.jpg?stp=dst-jpg_tt6&cstp=mx851x315&ctp=s851x315&_nc_cat=107&ccb=1-7&_nc_sid=cc71e4&_nc_ohc=KZ-WRmtV_iMQ7kNvwHNemw_&_nc_oc=Adqaco0dJ7FVvl_3pokmWjYqrgf0NL1rTtWAjub65q5JCGsmHGL646kBFuFEktbbDso&_nc_zt=23&_nc_ht=scontent-lhr6-2.xx&_nc_gid=aUUqCiAAl8EAh-UMil8ndg&_nc_ss=7b2a8&oh=00_AQB-Ak9fXb8b6eTkOfuNWwzvnduCnRjiIjQFfYqDD2giEw&oe=6A8CF4A2,https://scontent-lhr6-1.xx.fbcdn.net/v/t39.30808-1/312386235_486828480129487_3200844134071502799_n.jpg?stp=dst-jpg_tt6&cstp=mx555x555&ctp=s480x480&_nc_cat=108&ccb=1-7&_nc_sid=2d3e12&_nc_ohc=IdZ6HmpmObsQ7kNvwHM9FZa&_nc_oc=AdqQrTPswHzwE4E5dLWdE6Z8t0JiNQsOMSueYhpK5XQtjyUlR7EevquMLjqqda50E3g&_nc_zt=24&_nc_ht=scontent-lhr6-1.xx&_nc_gid=8Pa_AO0Dc44uJRMBU3P8Cg&_nc_ss=7b2a8&oh=00_AQDjxTLoPQBIyRqJnQkZhJSIM9ZvecypKg_SPK0N2MLpMg&oe=6A6B5AAF,Researched (Batch 2),5–18,Andrew Noakes,2017,"English, Mandarin, Spanish",,approx. 1000,5–18
SWCS YMCA of HK Christian School,,UK Curriculum,Kowloon,Private School,Primary,,,,,Not yet researched,SWCS YMCA of HK Christian School is a private school situated in the Kowloon district of Hong Kong. The school provides primary education following the UK Curriculum framework.,https://scontent-lhr6-2.xx.fbcdn.net/v/t39.30808-6/469744860_1612377869348907_2729806611997703467_n.jpg?stp=dst-jpg_tt6&cstp=mx2048x1536&ctp=s2048x1536&_nc_cat=105&ccb=1-7&_nc_sid=cc71e4&_nc_ohc=QM5NbBUy6hUQ7kNvwHXA_7k&_nc_oc=AdryX97kRW-Fr7EjzTh2BBZ_8ebh6vLMnIbt4E2fIHdLvfqeeAXDsvSonPOlVe8xgps&_nc_zt=23&_nc_ht=scontent-lhr6-2.xx&_nc_gid=H3u6xoAZ167wIf9D5g3LbQ&_nc_ss=7b2a8&oh=00_AQBvrJ0XIkHLdnY1peCXFRsx0iA75nw3Yh3XDxLlnImhaA&oe=6A6B3B6F,https://scontent-lhr6-1.xx.fbcdn.net/v/t39.30808-1/302041247_488906723241675_5288113756907976653_n.png?stp=c301.0.1446.1447a_dst-png&cstp=mx1446x1447&ctp=s480x480&_nc_cat=102&ccb=1-7&_nc_sid=2d3e12&_nc_ohc=bUT-K1846iQQ7kNvwGjqEpQ&_nc_oc=AdqoZ1xzwX3qzaH45I6ySnFcXjTsEHcm0NnRO975-X7koviA3iBQjZavxuYhViHFFX4&_nc_zt=24&_nc_ht=scontent-lhr6-1.xx&_nc_gid=H3u6xoAZ167wIf9D5g3LbQ&_nc_ss=7b2a8&oh=00_AQBjlbhu0X6MICg-wRwWfavQNesJeSjW3et9chRierSeFg&oe=6A6B494D,Pending,6–12,Catherine Chan Ho,2013,"English, Chinese",,,6–12
The Harbour School,,US Curriculum,Hong Kong Island,International School,"Preschool, Primary, Secondary","HK$202,600-259,500 (26/27)",2026/27,"HK$33,000/year for students not covered by an Admissions Right","Optional Family Admissions Right: HK$450,000 (corporate and 'Green' Admissions Rights also available)","Application fee HK$2,500; one-off entry fee HK$16,000 (1st child)/HK$6,000 (additional children).","The Harbour School is an international school situated in the Hong Kong Island district of Hong Kong. It provides education spanning early years through secondary levels, following the US Curriculum framework.",https://scontent-lhr11-1.xx.fbcdn.net/v/t39.30808-6/476120234_1062673792541226_1153618561111568259_n.jpg?stp=dst-jpg_tt6&cstp=mx1800x1200&ctp=s1800x1200&_nc_cat=110&ccb=1-7&_nc_sid=cc71e4&_nc_ohc=ToWw1QuFNnUQ7kNvwGGO6L9&_nc_oc=AdrbWCcX4m3TUhJa7u7v3n9ad3jJi402DYVQRRetGPVsThXe20NaI7T3SmcAby4Mlw8&_nc_zt=23&_nc_ht=scontent-lhr11-1.xx&_nc_gid=rdLgpE3ydRkrie55nsWB-w&_nc_ss=7b2a8&oh=00_AQCRyfBav4AU15r2ABp9sSYT1EPDRCf0N_IFv2IqcJM5wg&oe=6A6B46A2,https://scontent-lhr11-1.xx.fbcdn.net/v/t39.30808-1/464006081_984195430389063_8933571356640040475_n.jpg?stp=c52.54.258.258a_dst-jpg_tt6&cstp=mx258x258&ctp=s258x258&_nc_cat=111&ccb=1-7&_nc_sid=2d3e12&_nc_ohc=1bHH4JtjFTIQ7kNvwG3YDxo&_nc_oc=AdrXfEKkrA7d2t0F6Rlm0Y-KENHih5mXyBpEbavqgjoQ26X2W8NRRBU1giC5ncui6oQ&_nc_zt=24&_nc_ht=scontent-lhr11-1.xx&_nc_gid=rdLgpE3ydRkrie55nsWB-w&_nc_ss=7b2a8&oh=00_AQDtJnPm9CD3QplLIgj5T4yP5bNt5sANOGZrn-QzRidvJQ&oe=6A6B48FA,Researched (Batch 2),5–18,Dr. Jadis Blurton,2007,English,,,5–18
Think International Kindergarten and Nursery,draft,School-Based / Play-Based,Kowloon,Kindergarten,Preschool,,,,,Not yet researched,Think International Kindergarten and Nursery is a kindergarten institution situated in the Kowloon district of Hong Kong. The school specializes in early childhood and preschool education based on the School-Based / Play-Based curriculum.,"https://static.wixstatic.com/media/9f3cb7_22f4aca738f246078b143046179132ba~mv2.jpg/v1/fill/w_2500,h_1870,al_c/9f3cb7_22f4aca738f246078b143046179132ba~mv2.jpg","https://static.wixstatic.com/media/9f3cb7_22f4aca738f246078b143046179132ba~mv2.jpg/v1/fill/w_178,h_135,al_c,q_80,usm_0.66_1.00_0.01,enc_avif,quality_auto/Logo%20Think%20International%20KG%20%26%20NUR%20new_jp.jpg",Pending,,,,,,,
Think International Primary School,draft,IB Curriculum,Kowloon,International School,Primary,Not publicly itemised in sources reviewed,N/A,Not publicly itemised in sources reviewed,Not publicly itemised in sources reviewed,,Think International Primary School is an international school situated in the Kowloon district of Hong Kong. The school provides primary education following the IB Curriculum framework.,"https://static.wixstatic.com/media/9f3cb7_22f4aca738f246078b143046179132ba~mv2.jpg/v1/fill/w_2500,h_1870,al_c/9f3cb7_22f4aca738f246078b143046179132ba~mv2.jpg","https://static.wixstatic.com/media/9f3cb7_22f4aca738f246078b143046179132ba~mv2.jpg/v1/fill/w_178,h_135,al_c,q_80,usm_0.66_1.00_0.01,enc_avif,quality_auto/Logo%20Think%20International%20KG%20%26%20NUR%20new_jp.jpg",Researched (Batch 2),,,,,,,
Tutor Time International Nursery and Kindergarten,draft,School-Based / Play-Based,Hong Kong Island,Kindergarten,Preschool,,,,,Not yet researched,Tutor Time International Nursery and Kindergarten is a kindergarten institution situated in the Hong Kong Island district of Hong Kong. The school specializes in early childhood and preschool education based on the School-Based / Play-Based curriculum.,,,Pending,,,,,,,
Victoria Educational Organisation,,IB Curriculum,Hong Kong Island,Kindergarten,Preschool,,,,,Not yet researched,Victoria Educational Organisation is a kindergarten institution situated in the Hong Kong Island district of Hong Kong. The school specializes in early childhood and preschool education based on the IB Curriculum curriculum.,https://www.victoria.edu.hk/wp-content/uploads/2024/09/20240507Victoria6494-scaled-e1725444626739.jpg,https://www.victoria.edu.hk/wp-content/themes/victoria-child/asset/images/logo/Desktop.png,Pending,2–6,Cassy Yu,1965,"English, Putonghua, Cantonese",,"approx. 2,800-3,500",2–6
Victoria Shanghai Academy,,IB Curriculum,Hong Kong Island,Private Independent School (PIS),"Primary, Secondary","HK$191,700-270,450 (26/27)",2026/27,"One-off refundable Capital Levy: HK$60,000 (for new students in Years 1-11 without a debenture)","Individual and corporate debentures available via secondary market: approx. HK$3,000,000",,Victoria Shanghai Academy is a private independent school (pis) situated in the Hong Kong Island district of Hong Kong. It offers primary and secondary academic programs structured around the IB Curriculum.,https://scontent-lhr11-1.xx.fbcdn.net/v/t39.30808-6/484848686_1096018115884860_6971290273568889090_n.jpg?stp=dst-jpg_tt6&cstp=mx2048x1365&ctp=s2048x1365&_nc_cat=100&ccb=1-7&_nc_sid=cc71e4&_nc_ohc=qAJn7_erYcgQ7kNvwH7MH4D&_nc_oc=AdqejrbSrSMMGBy5pptYdeUCdpRI0U0fJlTzOsl4biShDG5RDYceHVRfcaPpgQxbJe8&_nc_zt=23&_nc_ht=scontent-lhr11-1.xx&_nc_gid=1cj3Eg4F8ttfp66DyvLBIg&_nc_ss=7b2a8&oh=00_AQCasZcltusn0xrOMw5mpc-HGa4tvfy7Pr5Qz6g_VF0bHw&oe=6A6B40E1,https://scontent-lhr6-1.xx.fbcdn.net/v/t39.30808-1/327259321_736270807893606_4334442273336509366_n.png?stp=dst-png&cstp=mx1280x1280&ctp=s480x480&_nc_cat=109&ccb=1-7&_nc_sid=2d3e12&_nc_ohc=SEwpKRIbHDIQ7kNvwHj0p8L&_nc_oc=AdqrF2eQtBw_ERN96vN3kXEgFULGxsyYRIyU5Vjkv2OwHqsp6Fbw8GRMHsFsMwoJydQ&_nc_zt=24&_nc_ht=scontent-lhr6-1.xx&_nc_gid=1cj3Eg4F8ttfp66DyvLBIg&_nc_ss=7b2a8&oh=00_AQBdv499HwZmyEruIUG_Brcg_43_KkkUHWyXoMEIa3teAQ&oe=6A6B37FD,"Researched (Batch 1, refined Batch 2)",6–18,Dr. Victor Koong,2004,"English, Putonghua",,"2,100+",6–18
Wilderness International Kindergarten,draft,Reggio Emilia,Hong Kong Island,Kindergarten,Preschool,,,,,Not yet researched,Wilderness International Kindergarten is a kindergarten institution situated in the Hong Kong Island district of Hong Kong. The school specializes in early childhood and preschool education based on the Reggio Emilia curriculum.,,,Pending,,,,,,,
Wycombe Abbey School Hong Kong,,UK Curriculum,Hong Kong Island,Private School,Primary,"Years 1-5: HK$188,000 | Years 6-8: HK$198,000 | Years 9-11: HK$208,000 | Years 12-13: HK$218,000",2026/27,"HK$35,000/year (Years 1-8) or HK$45,000/year (Years 9-13)",None stated,Receives no government subsidy; capital levy funds facilities/infrastructure directly.,Wycombe Abbey School Hong Kong is a private school situated in the Hong Kong Island district of Hong Kong. The school provides primary education following the UK Curriculum framework.,https://scontent-lhr6-1.xx.fbcdn.net/v/t39.30808-6/475845142_1166838538782752_943740254301015603_n.jpg?stp=dst-jpg_tt6&cstp=mx3320x1263&ctp=s851x315&_nc_cat=109&ccb=1-7&_nc_sid=86c6b0&_nc_ohc=-muNRniBzq4Q7kNvwEQN2Wp&_nc_oc=Adqwoxqi_3CUCdPG7IbMzKBpMW8Gn8XWAMHfRWDhclRtQ1bw3uIc_ARm-7285NYLV50&_nc_zt=23&_nc_ht=scontent-lhr6-1.xx&_nc_gid=ZofIb5bfhqFx-A0yrUzufA&_nc_ss=7b2a8&oh=00_AQA6gudCzhtJoY1EnqOQwEBVmPuQZyjkdNOKtGenYIqREg&oe=6A6B68FB,https://scontent-lhr11-1.xx.fbcdn.net/v/t39.30808-1/310044188_514899407310005_7005585473813221016_n.png?stp=dst-png&cstp=mx1638x1638&ctp=s480x480&_nc_cat=106&ccb=1-7&_nc_sid=2d3e12&_nc_ohc=-qexa0lbRQEQ7kNvwHurBzR&_nc_oc=AdptPZHMhtwj34gl0vyEsG8SUipkkEhCFX0s-k77s8gG4ooHdh7T0Y1cl7ba8HYjnfI&_nc_zt=24&_nc_ht=scontent-lhr11-1.xx&_nc_gid=2sFt9gZj298S06L7z7m6xg&_nc_ss=7b2a8&oh=00_AQB2UhuLraKwi1MuSS2l1mBv6Zq17TEtOoS38koT_1a6DA&oe=6A6B5136,Researched (Batch 2),5–18,Rob Fox,,English,,,5–18
Yew Chung International School,,IB Curriculum,Kowloon,International School,"Preschool, Primary, Secondary","HK$134,728-268,230 (figures vary slightly by source; Secondary Y7-11 approx. HK$228,980, Y12-13 approx. HK$255,000 per 25/26 schedule)",2025/26 (26/27 not yet published per most sources),Not separately published (see Debenture),"Primary Debenture: HK$350,000 (1st child, sliding scale for siblings) | Secondary Debenture: HK$470,000 (1st child, sliding scale for siblings) - refundable",,"Yew Chung International School is an international school situated in the Kowloon district of Hong Kong. It provides education spanning early years through secondary levels, following the IB Curriculum framework.",https://scontent-lhr6-2.xx.fbcdn.net/v/t39.30808-6/492889998_2588880051317040_1511901725204719307_n.jpg?stp=dst-jpg_tt6&cstp=mx3366x1246&ctp=s3366x1246&_nc_cat=107&ccb=1-7&_nc_sid=86c6b0&_nc_ohc=DT-H7B9CAf8Q7kNvwEGXG9n&_nc_oc=AdrKnXHiuiHr32Smv8NUwlLy59gPRX-1sX0YwmU3aMO1iSaCgpJeZDACCbjCnBm434M&_nc_zt=23&_nc_ht=scontent-lhr6-2.xx&_nc_gid=PZj3tIX3S_hxKJCOG35Pvw&_nc_ss=7b2a8&oh=00_AQCDbeBF_O95xp1rrTX7bbxGGfFqx9nc35IsMETycXE1CQ&oe=6A6B4CCF,https://scontent-lhr6-1.xx.fbcdn.net/v/t39.30808-1/245045074_1655470044658050_4742661269324448151_n.jpg?stp=dst-jpg_tt6&cstp=mx1666x1666&ctp=s480x480&_nc_cat=102&ccb=1-7&_nc_sid=2d3e12&_nc_ohc=4VWXus08E3cQ7kNvwEpalvl&_nc_oc=AdqUWJiUy6gE0PsXrCizA9xdqiGnr6qDo7fHa-EYiacWeoCr4RxCP6vSmB79BHR4pNc&_nc_zt=24&_nc_ht=scontent-lhr6-1.xx&_nc_gid=stXUb9b7e53fbHGK5SV6Vg&_nc_ss=7b2a8&oh=00_AQBLP35HrIv9HAhprwwNuimthIqqZ-fabP3RARdHeVERtg&oe=6A6B46C9,Researched (Batch 2),0–18,"Martin Scott, Shannon Shang",1932,"English, Mandarin",,"approx. 2,200-2,500",0–18
YK Pao,,Chinese / Bilingual Curriculum,Kowloon,Private School,Primary,"HK$220,000",2026/27,"HK$50,000 (waived at the Kowloon East campus)",Not stated - new school,"New bilingual IB-candidate school opening September 2026 with Years 1-3 at a temporary Kowloon East campus, moving to a permanent Kowloon Tong campus in 2028.",YK Pao is a private school situated in the Kowloon district of Hong Kong. The school provides primary education following the Chinese / Bilingual Curriculum framework.,https://scontent-lhr11-1.xx.fbcdn.net/v/t39.30808-6/699867533_122130741093063750_7602384483544672426_n.jpg?stp=dst-jpg_tt6&cstp=mx1080x1080&ctp=s1080x1080&_nc_cat=104&ccb=1-7&_nc_sid=127cfc&_nc_ohc=3A5J2zLZqGwQ7kNvwH1xUYR&_nc_oc=AdplcIPbOlHDv2WWismiOtogsiZBXQlAtRFbfV3eiUROOq2rH8K2wS4JF1jzT6ROEqM&_nc_zt=23&_nc_ht=scontent-lhr11-1.xx&_nc_gid=Xl91JVeI7OLJ6fmAbHFo1w&_nc_ss=7b2a8&oh=00_AQDhezxQYV7GyD9aZ0NKhR0EorRIXcFHlRqdfup6gurCzg&oe=6A6B58B0,https://scontent-lhr11-1.xx.fbcdn.net/v/t39.30808-1/597725722_122112888315063750_2031061701398933495_n.jpg?stp=c0.37.1221.1221a_dst-jpg_tt6&cstp=mx1221x1221&ctp=s480x480&_nc_cat=104&ccb=1-7&_nc_sid=2d3e12&_nc_ohc=6ntbUIa3O-cQ7kNvwGfVIVE&_nc_oc=AdpFbJJMec9uZkxR8vqa3xtP-91GUcjXqn_BcnHLmCwN4E9ZBWenSDoav-_oLrx5f1g&_nc_zt=24&_nc_ht=scontent-lhr11-1.xx&_nc_gid=1Q6maa3kSeJlj3DaZ4wETA&_nc_ss=7b2a8&oh=00_AQBQ0uPMVqU_-h4VNpDd-09xm-FHD2I5uH1nttSp5nQtnQ&oe=6A6B562F,Researched (Batch 2),6–15,Cathy Braithwaite,2026,"English, Putonghua",,,6–15
YMCA Christian Academy (YCA),,UK Curriculum,Hong Kong Island,Private School,Primary,,,,,Not yet researched,YMCA Christian Academy (YCA) is a private school situated in the Hong Kong Island district of Hong Kong. The school provides primary education following the UK Curriculum framework.,https://scontent-lhr11-1.xx.fbcdn.net/v/t39.30808-6/624913862_895024566232909_703867832900826228_n.jpg?stp=dst-jpg_tt6&cstp=mx820x360&ctp=s820x360&_nc_cat=100&ccb=1-7&_nc_sid=86c6b0&_nc_ohc=95RlyW0xjNgQ7kNvwFyHgWL&_nc_oc=Adpe8r1ZMkLa0DFUKqD-18GqLPQOY1QV7bJVvtk6LTZ0vxIyAfW_ID7JSongcjsR9Pg&_nc_zt=23&_nc_ht=scontent-lhr11-1.xx&_nc_gid=g3yHRIxkFowuXu_0LLPE3Q&_nc_ss=7b2a8&oh=00_AQAq6Cc2LKgUoc-Trty-etfiEBdPsYSr-lJiOW0tK_i1dQ&oe=6A6B3DD5,https://scontent-lhr6-1.xx.fbcdn.net/v/t39.30808-1/272450017_144516037952964_5218620156770991780_n.jpg?stp=dst-jpg_tt6&cstp=mx361x361&ctp=s361x361&_nc_cat=103&ccb=1-7&_nc_sid=2d3e12&_nc_ohc=YyZfWnLLNjQQ7kNvwEwz0sB&_nc_oc=AdpOQRiPU0yZh0KV6PkmJs3IbdhRDCBRBid2FmgSCsIrFvEr21yWGWNaXqs5EgF8aeo&_nc_zt=24&_nc_ht=scontent-lhr6-1.xx&_nc_gid=Fo3zrIEvJEQED4R7gfDjJQ&_nc_ss=7b2a8&oh=00_AQArOaueZfufhUPZWjV58iPT4p4OK2cBN1WQXuJfORa3Eg&oe=6A6B671D,Pending,5–11,Geoff Blaik,2012,"English, Mandarin",,200,5–11
YMCA of Hong Kong Christian College,draft,Hong Kong Curriculum,New Territories,DSS School,Secondary,,,,,Not yet researched,YMCA of Hong Kong Christian College  is a Direct Subsidy Scheme (DSS) school situated in the New Territories district of Hong Kong. The school provides secondary education structured around the Hong Kong Curriculum curriculum.,,,Pending,,,,,,,
YMCA of Hong Kong Christian International Kindergarten,draft,UK Curriculum,Kowloon,Kindergarten,Preschool,,,,,Not yet researched,YMCA of Hong Kong Christian International Kindergarten is a kindergarten institution situated in the Kowloon district of Hong Kong. The school specializes in early childhood and preschool education based on the UK Curriculum curriculum.,,,Pending,,,,,,,
